Tests,Sum of 15,Ave RMSE of 15 mins,"RMSE 15 OFF, 15 OFF","RMSE 15 OFF, 15 ON","RMSE 15 ON, 15 ON","RMSE 15 ON, 15 OFF",Total Tests Used,Average RMSE
1,0,0.00974646003136587,,,,,770,0.159978669456704
2,0,0.0101034570295112,0.019849917060877,,,,30,4.10611918272208
3,0,0.0102005683941491,,,,,199,0.0239853195705896
4,0,0.0103074742314983,0.0205080426256474,,,,31,1.04056633459346
5,0,0.0103558978195797,,,,,,
6,0,0.0102788757056141,0.0206347735251938,,,,,
7,0,0.0103978445756669,,,,,,
8,0,0.0105051044296898,0.0209029490053567,,,,,
9,0,0.0105941632358961,,,,,,
10,0,0.0105865639753317,0.0211807272112278,,,,,
11,0,0.0105224334723984,,,,,,
12,0,0.0106549348299361,0.0211773683023345,,,,,
13,0,0.0106761257271688,,,,,,
14,0,0.0106142869406134,0.0212904126677822,,,,,
15,0,0.0105611598569035,,,,,,
16,0,0.0105353418586705,0.0210965017155739,,,,,
17,0,0.0105328214232197,,,,,,
18,0,0.0105163401135735,0.0210491615367932,,,,,
19,0,0.0105260227894987,,,,,,
20,0,0.0105165932714798,0.0210426160609785,,,,,
21,0,0.0104781275268831,,,,,,
22,0,0.0104531646094182,0.0209312921363013,,,,,
23,0,0.0104527914690462,,,,,,
24,0,0.0103687728764686,0.0208215643455147,,,,,
25,0,0.0103266011070785,,,,,,
26,0,0.010332355565964,0.0206589566730425,,,,,
27,0,0.0102911658432239,,,,,,
28,0,0.0101965793458377,0.0204877451890616,,,,,
29,0,0.0100975856158204,,,,,,
30,4,0.0166006723014286,,,,,,
31,15,0.0481352563578966,,0.058232841973717,,,,
32,15,0.055847407367029,,,,,,
33,15,0.0607705590779648,,,0.116617966444994,,,
34,15,0.0616792686045923,,,,,,
35,15,0.0609194040335839,,,0.122598672638176,,,
36,15,0.0601919383710281,,,,,,
37,15,0.0595338900317926,,,0.119725828402821,,,
38,15,0.0588812339375065,,,,,,
39,15,0.0582938651366301,,,0.117175099074137,,,
40,15,0.0577453457946478,,,,,,
41,15,0.0572828494404783,,,0.115028195235126,,,
42,15,0.0568189410140585,,,,,,
43,15,0.0563926885774158,,,0.113211629591474,,,
44,15,0.0559711867799341,,,,,,
45,15,0.0555527323312643,,,0.111523919111198,,,
46,13,0.0575714012425693,,,,,,
47,0,0.0649157375691369,,,,0.120468469900401,,
48,0,0.0669688763215501,0.131884613890687,,,,,
49,0,0.0725268193023594,,,,,,
50,0,0.0723435355708893,0.144870354873249,,,,,
51,4,0.0720025713636801,,,,,,
52,15,0.077898626316428,,0.150242161887317,,,,
53,15,0.0810092001231808,,,0.158907826439609,,,
54,15,0.0807638222283198,,,,,,
55,15,0.0814308513074677,,,0.162194673535787,,,
56,15,0.0809830409561366,,,,,,
57,15,0.0804049006740575,,,0.161387941630194,,,
58,15,0.0798228736792539,,,,,,
59,15,0.0792308443865726,,,0.159053718065826,,,
60,15,0.0786692636510447,,,,,,
61,15,0.0781396384485754,,,0.15680890209962,,,
62,15,0.0776505621679082,,,,,,
63,15,0.0771780106418827,,,0.154828572809791,,,
64,15,0.0767135707833873,,,,,,
65,10,0.076905750632264,,,,,,
66,0,0.0776632325972458,,,,0.154376803380633,,
67,0,0.0773799134102788,0.155043146007525,,,,,
68,0,0.0810289114668813,,,,,,
69,0,0.081071595897958,0.162100507364839,,,,,
70,0,0.0805000915369652,,,,,,
71,0,0.0799407183525563,0.160440809889521,,,,,
72,0,0.0793924032424477,,,,,,
73,0,0.0788563476897096,0.158248750932157,,,,,
74,0,0.0783346615548277,,,,,,
75,0,0.0778280813839241,0.156162742938752,,,,,
76,0,0.0773297901722452,,,,,,
77,0,0.0768401796322177,0.154169969804463,,,,,
78,0,0.0763605521926368,,,,,,
79,0,0.0758877263984251,0.152248278591062,,,,,
80,0,0.0754237989602231,,,,,,
81,0,0.0749653445759372,0.15038914353616,,,,,
82,0,0.0745167846294699,,,,,,
83,0,0.0740759543397388,0.148592738969209,,,,,
84,0,0.073650637784608,,,,,,
85,0,0.0732392311505721,0.14688986893518,,,,,
86,0,0.0728314657858199,,,,,,
87,0,0.0724305573736865,0.145262023159506,,,,,
88,0,0.0720371012506545,,,,,,
89,0,0.0716491696719793,0.143686270922634,,,,,
90,0,0.0712680247708064,,,,,,
91,0,0.070893348022181,0.142161372792987,,,,,
92,0,0.0705268414508228,,,,,,
93,0,0.0701684353345788,0.140695276785402,,,,,
94,0,0.0698112761604957,,,,,,
95,0,0.0694617242200969,0.139273000380593,,,,,
96,0,0.0691181407498975,,,,,,
97,0,0.068777738281244,0.137895879031141,,,,,
98,0,0.0684432830285629,,,,,,
99,0,0.0681160502626334,0.136559333291196,,,,,
100,0,0.0677947255943531,,,,,,
101,0,0.0674758752662318,0.135270600860585,,,,,
102,0,0.0671621572710319,,,,,,
103,0,0.0668551732779098,0.134017330548942,,,,,
104,0,0.0687384113481927,,,,,,
105,0,0.0695890774045336,0.138327488752726,,,,,
106,0,0.0693929521131936,,,,,,
107,0,0.0690842114022908,0.138477163515484,,,,,
108,0,0.0687781668297155,,,,,,
109,0,0.0748792652198678,0.143657432049583,,,,,
110,0,0.0779238766018617,,,,,,
111,0,0.0788477566057621,0.156771633207624,,,,,
112,0,0.0785462346010626,,,,,,
113,0,0.0782239813491111,0.156770215950174,,,,,
114,0,0.077905184428675,,,,,,
115,0,0.0776005051116315,0.155505689540307,,,,,
116,0,0.0786244031537571,,,,,,
117,0,0.0794296789033617,0.158054082057119,,,,,
118,0,0.0790989073442169,,,,,,
119,0,0.0787712408665164,0.157870148210733,,,,,
120,0,0.0784494993589915,,,,,,
121,0,0.0781282058622561,0.156577705221248,,,,,
122,0,0.0778099388888761,,,,,,
123,0,0.0774966816698556,0.155306620558732,,,,,
124,4,0.0772183013193205,,,,,,
125,15,0.0789097053801061,,0.156406387049962,,,,
126,15,0.0797493900179509,,,0.158659095398057,,,
127,15,0.0807978820735924,,,,,,
128,15,0.0810767472432059,,,0.161874629316798,,,
129,15,0.080791934000639,,,,,,
130,15,0.0805221965982486,,,0.161314130598888,,,
131,15,0.0802557981017686,,,,,,
132,15,0.0800016962266577,,,0.160257494328426,,,
133,15,0.0797517204822685,,,,,,
134,15,0.0795229945202151,,,0.159274715002484,,,
135,15,0.0792819099598891,,,,,,
136,15,0.0790532788801998,,,0.158335188840089,,,
137,15,0.0788045233713682,,,,,,
138,15,0.0785649404041507,,,0.157369463775519,,,
139,15,0.078329255042579,,,,,,
140,7,0.0798141729042057,,,,,,
141,0,0.0816710707646445,,,,0.160000325807223,,
142,0,0.0826986029729611,0.164369673737606,,,,,
143,0,0.0825353917211545,0.165233994694116,,,,,
144,2,0.0841876080244545,,,,,,
145,15,0.0841320627383981,,0.166667454459553,,,,
146,15,0.0845454540445761,,,0.168677516782974,,,
147,15,0.0843490293411539,,,,,,
148,15,0.0840866458957476,,,0.168435675236901,,,
149,15,0.0853866432578408,,,,,,
150,15,0.0857225773598996,,,0.17110922061774,,,
151,15,0.0854654797142723,,,,,,
152,15,0.0852267365650052,,,0.170692216279277,,,
153,15,0.08499453665531,,,,,,
154,15,0.0847691529524855,,,0.169763689607795,,,
155,15,0.0845490819722002,,,,,,
156,15,0.0843180191561871,,,0.168867101128387,,,
157,15,0.0841092134267166,,,,,,
158,6,0.0841841591658879,,,,,,
159,0,0.0845783893758672,0.168762548541755,,,0.168687602802584,,
160,0,0.0856335324643941,,,,,,
161,0,0.0863268868923773,0.171960419356771,,,,,
162,0,0.086074258871424,,,,,,
163,0,0.0858425441419435,0.171916803013367,,,,,
164,0,0.0861981512144482,,,,,,
165,0,0.0870988624776593,0.173297013692108,,,,,
166,0,0.0868383601612072,,,,,,
167,0,0.0865801130255032,0.17341847318671,,,,,
168,0,0.0863254974483925,,,,,,
169,0,0.0876526292778994,0.173978126726292,,,,,
170,0,0.0874570899337846,,,,,,
171,0,0.0872060775416318,0.174663167475416,,,,,
172,0,0.0869575589167618,,,,,,
173,0,0.0867117953722109,0.173669354288973,,,,,
174,0,0.086469505403337,,,,,,
175,0,0.0862291107885071,0.172698616191844,,,,,
176,0,0.0859901962018046,,,,,,
177,0,0.0857543590220383,0.171744555223843,,,,,
178,0,0.0855209247277778,,,,,,
179,0,0.0852910547923948,0.170811979520173,,,,,
180,0,0.0850624583781851,,,,,,
181,0,0.0848370445600287,0.169899502938214,,,,,
182,0,0.084610573984929,,,,,,
183,0,0.0843869455115021,0.168997519496431,,,,,
184,0,0.084164250637443,,,,,,
185,0,0.0839424232881573,0.1681066739256,,,,,
186,0,0.0837268810258554,,,,,,
187,0,0.0835099994566641,0.167236880482519,,,,,
188,0,0.0832966518645824,,,,,,
189,0,0.0830837976740106,0.166380449538593,,,,,
190,0,0.0828721342145431,,,,,,
191,0,0.082664128344167,0.16553626255871,,,,,
192,0,0.0825426089545265,,,,,,
193,0,0.084751208525386,0.167293817479913,,,,,
194,0,0.0849143628616673,,,,,,
195,0,0.084704114528347,0.169618477390014,,,,,
196,0,0.086156687602829,,,,,,
197,0,0.0863301103042511,0.17248679790708,,,,,
198,0,0.0861235927042174,,,,,,
199,0,0.0859161560859135,0.172039748790131,,,,,
200,0,0.085711531596161,,,,,,
201,0,0.0855106253149054,0.171222156911066,,,,,
202,0,0.0853075389364436,,,,,,
203,0,0.0851066833823113,0.170414222318755,,,,,
204,0,0.0849067148374486,,,,,,
205,0,0.0847083001876817,0.16961501502513,,,,,
206,0,0.0845111465067518,,,,,,
207,0,0.0843157426737175,0.168826889180469,,,,,
208,0,0.084121902311613,,,,,,
209,0,0.083944842369111,0.168066744680724,,,,,
210,0,0.0838069261407564,,,,,,
211,0,0.0849109948225329,0.168717920963289,,,,,
212,0,0.0847156686186662,,,,,,
213,0,0.0845213935538373,0.169237062172503,,,,,
214,0,0.0843279677650335,,,,,,
215,0,0.0841356694229967,0.16846363718803,,,,,
216,2,0.0841644257842821,,,,,,
217,15,0.0850625447599189,,0.169198214182916,,,,
218,15,0.0862239867485625,,,0.171286531508481,,,
219,15,0.0862881669895798,,,,,,
220,15,0.0861246641824113,,,0.172412831171991,,,
221,15,0.0859586334375649,,,,,,
222,15,0.0857858561984852,,,0.17174448963605,,,
223,15,0.0856135393587758,,,,,,
224,15,0.0854442919345044,,,0.17105783129328,,,
225,15,0.0852800406504566,,,,,,
226,15,0.0851268986955753,,,0.170406939346032,,,
227,15,0.0849667572581749,,,,,,
228,15,0.0848115355270279,,,0.169778292785203,,,
229,15,0.0846490298112545,,,,,,
230,15,0.084488967660259,,,0.169137997471514,,,
231,15,0.0843386892401699,,,,,,
232,7,0.0847404739893757,,,,,,
233,0,0.0854199865731375,,,,0.169758675813307,,
234,0,0.0854839936112988,0.170903980184436,,,,,
235,0,0.0860145813583923,,,,,,
236,0,0.0858481222514156,0.171862703609808,,,,,
237,12,0.0858867242434781,,,,,,
238,15,0.0863466960371763,,0.172194818288592,,,,
239,15,0.0864990474055238,,,0.1728457434427,,,
240,15,0.0871485393096043,,,,,,
241,15,0.0873257198742753,,,0.17447425918388,,,
242,15,0.0871639033606644,,,,,,
243,15,0.0870082818206283,,,0.174172185181293,,,
244,15,0.0868562459200925,,,,,,
245,15,0.0867100125678999,,,0.173566258487992,,,
246,15,0.0865613899635366,,,,,,
247,15,0.0864128374754875,,,0.172974227439024,,,
248,15,0.0862650179029501,,,,,,
249,15,0.0861216522549231,,,0.172386670157873,,,
250,15,0.0860168319705213,,,,,,
251,0,0.0864399667924579,,,,0.172456798762979,,
252,0,0.0863808553755551,0.172820822168013,,,,,
253,0,0.086346183967885,,,,,,
254,0,0.0863779822110735,0.172724166178958,,,,,
255,0,0.0862109006631742,,,,,,
256,0,0.0860446147655375,0.172255515428712,,,,,
257,0,0.0858798374737407,,,,,,
258,0,0.0857194420819804,0.171599279555721,,,,,
259,0,0.0855563668789821,,,,,,
260,0,0.0853963064212163,0.170952673300198,,,,,
261,0,0.0852488354243845,,,,,,
262,0,0.0850936730373191,0.170342508461704,,,,,
263,0,0.0849383205568853,,,,,,
264,0,0.0847857676950734,0.169724088251959,,,,,
265,0,0.0850319700846271,,,,,,
266,0,0.0855475231152854,0.170579493199913,,,,,
267,0,0.085402853331065,,,,,,
268,0,0.0852970940059501,0.170699947337015,,,,,
269,0,0.085188818933723,,,,,,
270,0,0.0850392384625961,0.170228057396319,,,,,
271,0,0.0848936326252077,,,,,,
272,0,0.084746245007575,0.169639877632783,,,,,
273,0,0.0845997865225687,,,,,,
274,0,0.0844550630899248,0.169054849612494,,,,,
275,0,0.0843105874515798,,,,,,
276,0,0.0841678033790861,0.168478390830666,,,,,
277,0,0.0840258394614851,,,,,,
278,0,0.083885147607557,0.167910987069042,,,,,
279,0,0.0837450092038927,,,,,,
280,0,0.083605676378988,0.167350685582881,,,,,
281,0,0.0834674697243707,0.167073146103359,,,,,
282,0,0.0833295300811083,,,,,,
283,0,0.0831928798062724,0.166522409887381,,,,,
284,0,0.0830574672159355,,,,,,
285,0,0.0829229896681634,0.165980456884099,,,,,
286,0,0.0827893229649636,,,,,,
287,0,0.0826571334225236,0.165446456387487,,,,,
288,0,0.0825255026113613,,,,,,
289,0,0.0823940681561916,0.164919570767553,,,,,
290,0,0.0822630997689902,,,,,,
291,0,0.0821343410308137,0.164397440799804,,,,,
292,0,0.0820050594316609,,,,,,
293,0,0.0818781011940504,0.163883160625711,,,,,
294,0,0.0817508752031212,,,,,,
295,0,0.0816243040868147,0.163375179289936,,,,,
296,0,0.0814981692496851,,,,,,
297,0,0.0813734594393943,0.162871628689079,,,,,
298,0,0.0812488340476817,,,,,,
299,0,0.0811256929411725,0.162374526988854,,,,,
300,0,0.0810023529363488,,,,,,
301,0,0.0808800608352414,0.16188241377159,,,,,
302,0,0.0807582671203828,,,,,,
303,0,0.0806371163326019,0.161395383452985,,,,,
304,0,0.0805169921646299,,,,,,
305,0,0.0803971390941876,0.160914131258817,,,,,
306,0,0.0802780973213584,,,,,,
307,0,0.0801589181330381,0.160437015454397,,,,,
308,0,0.0800400866473309,,,,,,
309,0,0.0799209049919701,0.159960991639301,,,,,
310,0,0.079802802095128,,,,,,
311,0,0.0796837531073363,0.159486555202464,,,,,
312,0,0.0795644355746053,,,,,,
313,0,0.0794435689301895,0.159008004504795,,,,,
314,0,0.0793221585631701,,,,,,
315,0,0.0792217595408731,0.158543918104043,,,,,
316,0,0.0792045623046001,,,,,,
317,0,0.0799081101644437,0.159112672469044,,,,,
318,0,0.0797850567640655,,,,,,
319,0,0.0796632484334113,0.159448305197477,,,,,
320,0,0.079540958211509,,,,,,
321,0,0.0794186652057542,0.158959623417263,,,,,
322,0,0.0792968093490676,,,,,,
323,0,0.0791756418138143,0.158472451162882,,,,,
324,0,0.0790550082383955,,,,,,
325,0,0.0789349959852818,0.157990004223677,,,,,
326,0,0.0788153648684836,,,,,,
327,0,0.0786964368918797,0.157511801760363,,,,,
328,0,0.0785775043778304,,,,,,
329,0,0.0784589863167194,0.15703649069455,,,,,
330,0,0.078341044907493,,,,,,
331,0,0.0782236749398996,0.156564719847393,,,,,
332,0,0.0781073429969227,,,,,,
333,0,0.0779912501166402,0.156098593113563,,,,,
334,0,0.0778755323242734,,,,,,
335,0,0.0777603231185764,0.15563585544285,,,,,
336,0,0.0776458841790967,,,,,,
337,0,0.0775317145004129,0.15517759867951,,,,,
338,0,0.0774177340717581,,,,,,
339,0,0.077304835434507,0.154722569506265,,,,,
340,0,0.0771932685073026,,,,,,
341,0,0.0770824774822525,0.154275745989555,,,,,
342,0,0.076972483734876,,,,,,
343,0,0.0768628925111656,0.153835376246042,,,,,
344,0,0.0767530503016376,,,,,,
345,0,0.0766443334668821,0.15339738376852,,,,,
346,0,0.0765356603564819,,,,,,
347,0,0.0764277262801904,0.152963386636672,,,,,
348,0,0.0763207052022278,,,,,,
349,0,0.0762142803922207,0.152534985594448,,,,,
350,0,0.0761089629883577,,,,,,
351,0,0.0760042529138286,0.152113215902186,,,,,
352,0,0.0758987928781844,,,,,,
353,0,0.0757937515472842,0.151692544425469,,,,,
354,0,0.0756898768525704,,,,,,
355,0,0.0755862779214504,0.151276154774021,,,,,
356,0,0.075483097495116,,,,,,
357,0,0.0753802296596061,0.150863327154722,,,,,
358,0,0.075277906053664,,,,,,
359,0,0.0751766865592125,0.150454592612876,,,,,
360,0,0.0750759866844368,,,,,,
361,0,0.0749745487256854,0.150050535410122,,,,,
362,0,0.0748750630229496,,,,,,
363,0,0.0747752899872767,0.149650353010226,,,,,
364,0,0.0746766190894258,,,,,,
365,0,0.0745784880076892,0.149255107097115,,,,,
366,0,0.0744806930484583,,,,,,
367,0,0.0743828864005991,0.148863579449057,,,,,
368,0,0.0742860927761609,,,,,,
369,0,0.0741902281549352,0.148476320931096,,,,,
370,0,0.0740941555779696,,,,,,
371,0,0.0739982901303389,0.148092445708309,,,,,
372,0,0.073902921164996,,,,,,
373,0,0.0738077763472037,0.1477106975122,,,,,
374,0,0.0737133891436262,,,,,,
375,0,0.0736196490784654,0.147333038222092,,,,,
376,0,0.0735268960000179,,,,,,
377,0,0.0734335716204575,0.146960467620475,,,,,
378,0,0.0733401527570566,,,,,,
379,0,0.07324800713047,0.146588159887527,,,,,
380,0,0.0731557950986021,,,,,,
381,0,0.0732790243927057,0.146434819491308,,,,,
382,0,0.0738368771778204,,,,,,
383,0,0.0737825108643653,0.147619388042186,,,,,
384,0,0.0737135292272449,,,,,,
385,0,0.0736339635883685,0.147347492815613,,,,,
386,0,0.0735566482216758,,,,,,
387,0,0.0734970767929523,0.147053725014628,,,,,
388,0,0.0734227895474153,,,,,,
389,0,0.0739035605908765,0.147326350138292,,,,,
390,0,0.0743899594133817,,,,,,
391,0,0.0747724545371464,0.149162413950528,,,,,
392,0,0.0746887402844715,,,,,,
393,0,0.0746098503581785,0.14929859064265,,,,,
394,0,0.0745572690612097,,,,,,
395,0,0.0744842253210756,0.149041494382285,,,,,
396,0,0.0744453028006192,,,,,,
397,0,0.0743817172464165,0.148827020047036,,,,,
398,0,0.0743005627834286,,,,,,
399,0,0.0742415679794067,0.148542130762835,,,,,
400,0,0.074186746826129,,,,,,
401,0,0.0741133109924428,0.148300057818572,,,,,
402,0,0.0740489473099248,,,,,,
403,0,0.0747005731672262,0.148749520477151,,,,,
404,0,0.0746107381673289,,,,,,
405,0,0.0745220913011583,0.149132829468487,,,,,
406,0,0.0744313111429152,,,,,,
407,0,0.0743407220268012,0.148772033169716,,,,,
408,0,0.0742506196165213,,,,,,
409,0,0.0741626452227495,0.148413264839271,,,,,
410,0,0.0740734066976447,,,,,,
411,0,0.0741406525954633,0.148214059293108,,,,,
412,0,0.0747899069283332,,,,,,
413,0,0.0750375497813192,0.149827456709652,,,,,
414,0,0.0749474054973493,,,,,,
415,0,0.074857574113895,0.149804979611244,,,,,
416,0,0.0747680652582186,,,,,,
417,0,0.0746788222364367,0.149446887494655,,,,,
418,0,0.0745899007491623,,,,,,
419,0,0.0745014046129142,0.149091305362077,,,,,
420,0,0.0744132239611005,,,,,,
421,0,0.0743253165252509,0.148738540486351,,,,,
422,0,0.0742376747430923,,,,,,
423,0,0.0741504121923976,0.14838808693549,,,,,
424,0,0.0740634747575423,,,,,,
425,0,0.0739886032229139,0.148052077980456,,,,,
426,0,0.0740158773770158,,,,,,
427,0,0.0745849598000668,0.148600837177083,,,,,
428,0,0.0744986424420268,,,,,,
429,0,0.0744123234922334,0.14891096593426,,,,,
430,0,0.0743262542411298,,,,,,
431,0,0.0742404704136919,0.148566724654822,,,,,
432,0,0.0741550262105091,,,,,,
433,0,0.0740702288009751,0.148225255011484,,,,,
434,0,0.0739855200832587,,,,,,
435,0,0.0739015108242245,0.147887030907483,,,,,
436,0,0.0738174770615526,,,,,,
437,0,0.0737338556830832,0.147551332744636,,,,,
438,0,0.0736949238852558,,,,,,
439,0,0.0743134380965154,0.148008361981771,,,,,
440,0,0.074261570776987,,,,,,
441,0,0.0741814605081998,0.148443031285187,,,,,
442,0,0.0740995894840845,,,,,,
443,0,0.0740167421000103,0.148116331584095,,,,,
444,0,0.0739341043126166,,,,,,
445,0,0.0738517770871802,0.147785881399797,,,,,
446,0,0.0737695180970766,,,,,,
447,0,0.0736878185124348,0.147457336609511,,,,,
448,0,0.0736061644817065,,,,,,
449,0,0.0735252127873335,0.14713137726904,,,,,
450,0,0.0734440942105229,,,,,,
451,0,0.0733632944133428,0.146807388623866,,,,,
452,0,0.0732828528342914,,,,,,
453,0,0.0732025814179644,0.146485434252256,,,,,
454,0,0.0731224303515627,,,,,,
455,0,0.073042808508005,0.146165238859568,,,,,
456,0,0.0729637403955604,,,,,,
457,0,0.0728844698540399,0.1458482102496,,,,,
458,0,0.0728055454912458,,,,,,
459,0,0.072726813630637,0.145532359121883,,,,,
460,0,0.0726485480077219,,,,,,
461,0,0.0725701483014994,0.145218696309221,,,,,
462,0,0.0724924876532478,,,,,,
463,0,0.072414943025755,0.144907430679003,,,,,
464,0,0.0723379770149367,,,,,,
465,0,0.0722608522626233,0.14459882927756,,,,,
466,0,0.0721839642889468,,,,,,
467,0,0.0721073370608541,0.144291301349801,,,,,
468,0,0.0720309826298046,,,,,,
469,0,0.0719545654414456,0.14398554807125,,,,,
470,0,0.0718786377936712,,,,,,
471,0,0.0718029081996934,0.143681545993365,,,,,
472,0,0.0718144305209648,,,,,,
473,0,0.0724061002360377,0.144220530757003,,,,,
474,0,0.072366819635868,,,,,,
475,0,0.0723093284665437,0.144676148102412,,,,,
476,0,0.0722542989486015,,,,,,
477,0,0.0721921739888727,0.144446472937474,,,,,
478,0,0.0721343317340091,,,,,,
479,0,0.072077562904828,0.144211894638837,,,,,
480,0,0.0720220279033463,,,,,,
481,0,0.0719749046427929,0.143996932546139,,,,,
482,0,0.0719128310584584,,,,,,
483,0,0.0718996416260338,0.143812472684492,,,,,
484,0,0.0718425720142228,,,,,,
485,0,0.0718018013428486,0.143644373357071,,,,,
486,0,0.0717610705619462,,,,,,
487,0,0.0717022141162321,0.143463284678178,,,,,
488,0,0.0716454176034277,,,,,,
489,0,0.0732497332539683,0.144895150857396,,,,,
490,0,0.0751475145453349,,,,,,
491,0,0.0751097493583364,0.150257263903671,,,,,
492,0,0.0750338253895445,,,,,,
493,0,0.0749584147001949,0.149992240089739,,,,,
494,5,0.0755003120114927,,,,,,
495,15,0.0755469367962041,,0.150505351496399,,,,
496,15,0.0756791213185413,,,0.151226058114745,,,
497,15,0.075664004136063,,,,,,
498,15,0.0759963294175963,,,0.151660333553659,,,
499,15,0.0761616578991569,,,,,,
500,15,0.0760965207951495,,,0.152258178694306,,,
501,15,0.0760313588394896,,,,,,
502,15,0.0759712937837045,,,0.152002652623194,,,
503,15,0.0759078751448263,,,,,,
504,15,0.0758448618624073,,,0.151752737007234,,,
505,15,0.075782688339484,,,,,,
506,15,0.0757200616649372,,,0.151502750004421,,,
507,15,0.0756568690922786,,,,,,
508,15,0.0755923435509474,,,0.151249212643226,,,
509,15,0.0755335567314844,,,,,,
510,6,0.0755460081471415,,,,,,
511,0,0.075970217064155,,,,0.151503773795639,,
512,0,0.0761608768301907,0.152131093894346,,,,,
513,0,0.0761131698438258,,,,,,
514,0,0.0761091582198509,0.152222328063677,,,,,
515,11,0.0761741918096056,,,,,,
516,15,0.0764706784795031,,0.152579836699354,,,,
517,15,0.0766547176343341,,,0.153125396113837,,,
518,15,0.076595791901885,,,,,,
519,15,0.0765430491605243,,,0.153138841062409,,,
520,15,0.0764855644367933,,,,,,
521,15,0.0764236002595835,,,0.152909164696377,,,
522,15,0.0763973586522276,,,,,,
523,15,0.0772047506347703,,,0.153602109286998,,,
524,15,0.0774167332613529,,,,,,
525,15,0.0777800011843222,,,0.155196734445675,,,
526,15,0.0779763991556434,,,,,,
527,3,0.0782815996111743,,,,,,
528,0,0.0787281576562017,,,,0.156704556811845,,
529,0,0.0789096067300235,0.157637764386225,,,,,
530,0,0.0789648016944945,,,,,,
531,0,0.0790983238157808,0.158063125510275,,,,,
532,0,0.0790304953425618,,,,,,
533,0,0.0789581734452122,0.157988668787774,,,,,
534,0,0.0789219569771676,,,,,,
535,0,0.078944026743618,0.157865983720786,,,,,
536,0,0.0793232590178298,,,,,,
537,0,0.0792502366172256,0.158573495635055,,,,,
538,0,0.0791770731815362,,,,,,
539,0,0.079104899638552,0.158281972820088,,,,,
540,0,0.0790327131507586,,,,,,
541,0,0.0789623582246249,0.157995071375383,,,,,
542,0,0.078890295225449,,,,,,
543,0,0.0788179496765888,0.157708244902038,,,,,
544,0,0.0787462839745671,,,,,,
545,0,0.0791361493578867,0.157882433332454,,,,,
546,0,0.079181205485211,,,,,,
547,0,0.0791178873592129,0.158299092844424,,,,,
548,0,0.0790471853537262,,,,,,
549,0,0.0789764001739997,0.158023585527726,,,,,
550,0,0.0789060472159712,,,,,,
551,0,0.0788360352995352,0.157742082515506,,,,,
552,0,0.0787664038891631,,,,,,
553,0,0.0786967475369582,0.157463151426121,,,,,
554,0,0.0786268381281395,,,,,,
555,0,0.0785572919155179,0.157184130043657,,,,,
556,0,0.0784884423541977,,,,,,
557,0,0.0784195261882458,0.156907968542444,,,,,
558,0,0.0783512620765954,,,,,,
559,0,0.0782831323365619,0.156634394413157,,,,,
560,0,0.0782153505622346,,,,,,
561,0,0.0781476400900688,0.156362990652303,,,,,
562,0,0.0780800964456115,,,,,,
563,0,0.078012701228292,0.156092797673904,,,,,
564,0,0.077945397193274,,,,,,
565,0,0.0778770800891211,0.155822477282395,,,,,
566,0,0.0778096223548797,,,,,,
567,0,0.0777426418598628,0.155552264214743,,,,,
568,0,0.0776761558115472,,,,,,
569,0,0.0776104554470281,0.155286611258575,,,,,
570,0,0.077544624745714,,,,,,
571,0,0.0774794364743139,0.155024061220028,,,,,
572,0,0.0774140610802516,,,,,,
573,0,0.0773484113281556,0.154762472408407,,,,,
574,0,0.0772828814223835,,,,,,
575,0,0.0772180914256462,0.15450097284803,,,,,
576,0,0.0771533277780355,,,,,,
577,0,0.0770884189074201,0.154241746685456,,,,,
578,0,0.0770236595257548,,,,,,
579,0,0.0769592919909815,0.153982951516736,,,,,
580,0,0.0768944599916596,,,,,,
581,0,0.076829685337569,0.153724145329229,,,,,
582,0,0.0767643724296679,,,,,,
583,0,0.0766993868917701,0.153463759321438,,,,,
584,0,0.0766362962460203,,,,,,
585,0,0.0765771474404921,0.153213443686512,,,,,
586,9,0.0765432198065816,,,,,,
587,15,0.0767148485850209,,0.153291996025513,,,,
588,15,0.0767674138697021,,,0.153482262454723,,,
589,15,0.0771013046021094,,,,,,
590,15,0.0770492259794137,,,0.154150530581523,,,
591,15,0.0769957407739274,,,,,,
592,15,0.0769437952430534,,,0.153939536016981,,,
593,15,0.0768975117203274,,,,,,
594,15,0.0768483292027874,,,0.153745840923115,,,
595,15,0.0767972174976964,,,,,,
596,15,0.0770616485490107,,,0.153858866046707,,,
597,15,0.0772381273704185,,,,,,
598,15,0.0772194706708523,,,0.154457598041271,,,
599,15,0.0772438562809783,,,,,,
600,15,0.0772001565060661,,,0.154444012787044,,,
601,15,0.077186260307046,,,,,,
602,6,0.0775968252055887,,,,,,
603,0,0.0779791433902719,,,,0.155165403697318,,
604,0,0.0780043780106452,0.155983521400917,,,,,
605,0,0.0782345235910307,,,,,,
606,0,0.0782518871826686,0.156486410773699,,,,,
607,10,0.0782503144074514,,,,,,
608,15,0.0784973349627438,,0.156749222145412,,,,
609,15,0.0787136338246517,,,0.157210968787395,,,
610,15,0.0787124062225001,,,,,,
611,15,0.0791271117825335,,,0.157839518005034,,,
612,15,0.0790868324276763,,,,,,
613,15,0.0790340602904611,,,0.158120892718137,,,
614,15,0.0789814825322602,,,,,,
615,15,0.0789306667420622,,,0.157912149274322,,,
616,15,0.0789865467936925,,,,,,
617,15,0.079929752805259,,,0.158916299598952,,,
618,15,0.079914297266171,,,,,,
619,15,0.0802614691063721,,,0.160175766372543,,,
620,15,0.0808495586503149,,,,,,
621,0,0.0809825040709171,,,,0.161832062721232,,
622,0,0.0811610657446484,0.162143569815566,,,,,
623,0,0.0811658390431371,,,,,,
624,0,0.0814003864090802,0.162566225452217,,,,,
625,0,0.0813385620077399,,,,,,
626,0,0.0812746223084464,0.162613184316186,,,,,
627,0,0.0812113525901038,,,,,,
628,0,0.0811473394456672,0.162358692035771,,,,,
629,0,0.0810834931407909,,,,,,
630,0,0.0810213220644746,0.162104815205266,,,,,
631,0,0.0809577077149351,,,,,,
632,0,0.0808941068428034,0.161851814557739,,,,,
633,0,0.0808320587650664,,,,,,
634,0,0.0807712029565659,0.161603261721632,,,,,
635,0,0.0807099415913795,,,,,,
636,0,0.0806488547948164,0.161358796386196,,,,,
637,0,0.080588016519374,,,,,,
638,0,0.0805269506829741,0.161114967202348,,,,,
639,0,0.0804664329612593,,,,,,
640,0,0.0804064357583047,0.160872868719564,,,,,
641,0,0.0803727731504175,,,,,,
642,0,0.0807564675161161,0.161129240666534,,,,,
643,0,0.0807248464945416,,,,,,
644,0,0.0806864997286768,0.161411346223218,,,,,
645,0,0.0806472696646989,,,,,,
646,0,0.0806094324923174,0.161256702157016,,,,,
647,0,0.0805505271842504,,,,,,
648,0,0.0804918330349216,0.161042360219172,,,,,
649,0,0.0804331463978053,,,,,,
650,0,0.0803748330467938,0.160807979444599,,,,,
651,0,0.0803166844851391,,,,,,
652,0,0.080258889321243,0.160575573806382,,,,,
653,0,0.0802010270012078,,,,,,
654,0,0.0801435004893185,0.160344527490526,,,,,
655,0,0.0800862154309105,,,,,,
656,0,0.0800291657000165,0.160115381130927,,,,,
657,0,0.0799723628453334,,,,,,
658,0,0.0799153787290076,0.159887741574341,,,,,
659,0,0.0798589797909531,,,,,,
660,0,0.0798024100195294,0.159661389810483,,,,,
661,0,0.0797461552009595,,,,,,
662,0,0.0796901662012162,0.159436321402176,,,,,
663,0,0.079634097173531,,,,,,
664,0,0.0795781538239853,0.159212250997516,,,,,
665,0,0.0795225925952716,,,,,,
666,0,0.079467006578796,0.158989599174068,,,,,
667,0,0.0794116116895458,,,,,,
668,0,0.079356128196576,0.158767739886122,,,,,
669,0,0.0793009295113867,,,,,,
670,0,0.0792457996358921,0.158546729147279,,,,,
671,0,0.0791907450604638,,,,,,
672,0,0.0791359266341324,0.158326671694596,,,,,
673,0,0.0790805776659097,,,,,,
674,0,0.0790790079217668,0.158159585587676,,,,,
675,0,0.0793028170996587,,,,,,
676,0,0.0795007758450054,0.158803592944664,,,,,
677,0,0.0794448365631876,,,,,,
678,0,0.079387604835514,0.158832441398702,,,,,
679,10,0.0796693128675364,,,,,,
680,15,0.0798807708464539,,0.159268375681968,,,,
681,15,0.0802243344848789,,,0.160105105331333,,,
682,15,0.0802521388228192,,,,,,
683,15,0.0802043605472147,,,0.160456499370034,,,
684,15,0.0801552947140785,,,,,,
685,15,0.0801071734775239,,,0.160262468191602,,,
686,15,0.0800569600088257,,,,,,
687,15,0.080004739096714,,,0.16006169910554,,,
688,15,0.0799566764493069,,,,,,
689,15,0.0799104606324249,,,0.159867137081732,,,
690,15,0.0798633383909868,,,,,,
691,15,0.079815539654349,,,0.159678878045336,,,
692,15,0.0797682853012117,,,,,,
693,15,0.0797261633544201,,,0.159494448655632,,,
694,11,0.0799359665992346,,,,,,
695,0,0.0803286341267425,,,,0.160054797481163,,
696,0,0.08056000353718,0.160888637663922,,,,,
697,0,0.0807256022870019,,,,,,
698,0,0.0806690834874044,0.161394685774406,,,,,
699,7,0.0810065104484147,,,,,,
700,15,0.0824110051107807,,0.163080088598185,,,,
701,15,0.0826583764525839,,,0.165069381563365,,,
702,15,0.0826088744179938,,,,,,
703,15,0.082559422155498,,,0.165168296573492,,,
704,15,0.0825104159007048,,,,,,
705,15,0.0824643762622231,,,0.164974792162928,,,
706,15,0.082415743558137,,,,,,
707,15,0.082369529601719,,,0.164785273159856,,,
708,15,0.0827487870436583,,,,,,
709,5,0.0831275230233644,,,,,,
710,0,0.0832707237980343,,,,0.166019510841693,,
711,0,0.0833717676399895,0.166642491438024,,,,,
712,0,0.0833636142043367,,,,,,
713,0,0.0833063515496059,0.166669965753943,,,,,
714,0,0.0832487258546082,,,,,,
715,0,0.0831909465737679,0.166439672428376,,,,,
716,0,0.0831331743872305,,,,,,
717,0,0.0830754398354747,0.166208614222705,,,,,
718,0,0.0830178647904943,,,,,,
719,0,0.0829690382893233,0.165986903079818,,,,,
720,0,0.0829149839836273,,,,,,
721,0,0.0828588607138932,0.165773844697521,,,,,
722,0,0.0828033440993426,,,,,,
723,0,0.0827484273791255,0.165551771478468,,,,,
724,0,0.0826934269231225,,,,,,
725,0,0.0826385815309916,0.165332008454114,,,,,
726,0,0.0825836341330008,,,,,,
727,0,0.0825291737082775,0.165112807841278,,,,,
728,0,0.082474572410975,,,,,,
729,0,0.0824200097361885,0.164894582147164,,,,,
730,0,0.0823658825701975,,,,,,
731,0,0.0824466445967976,0.164812527166995,,,,,
732,0,0.0827148585462424,,,,,,
733,0,0.0826969326042042,0.165411791150447,,,,,
734,0,0.0826495000338503,,,,,,
735,0,0.0825956381689885,0.165245138202839,,,,,
736,0,0.0825440788641619,,,,,,
737,0,0.0824914133180992,0.165035492182261,,,,,
738,0,0.0824388348181168,,,,,,
739,0,0.0823867008838384,0.164825535701955,,,,,
740,0,0.082334508049821,,,,,,
741,0,0.0822825362105866,0.164617044260408,,,,,
742,0,0.0822306387091765,,,,,,
743,0,0.0821786982058887,0.164409336915065,,,,,
744,0,0.0821271549366056,,,,,,
745,0,0.0820757609866816,0.164202915923287,,,,,
746,0,0.0821322520958985,,,,,,
747,0,0.0824584183991787,0.164590670495077,,,,,
748,0,0.0826104860626999,,,,,,
749,0,0.082559220452975,0.165169706515675,,,,,
750,0,0.0825082387358433,,,,,,
751,0,0.0824568778612831,0.164965116597126,,,,,
752,0,0.0824056567606428,,,,,,
753,0,0.0823549273116602,0.164760584072303,,,,,
754,0,0.0823038912209238,,,,,,
755,0,0.0822531035094216,0.164556994730345,,,,,
756,0,0.082339130130278,,,,,,
757,4,0.0834869263466238,,,,,,
758,15,0.0836143186474776,,0.165953448777756,,,,
759,15,0.083590636102477,,,0.167204954749955,,,
760,15,0.0836905230180864,,,,,,
761,15,0.083939244000691,,,0.167629767018777,,,
762,15,0.0838987618082441,,,,,,
763,15,0.0838966504160454,,,0.16779541222429,,,
764,2,0.0840821178328413,,,,,,
765,0,0.0843813105272522,,,,0.168277960943298,,
766,0,0.0844151414040713,0.168796451931324,,,,,
767,0,0.0845610511798241,,,,,,
768,0,0.0845184000478397,0.169079451227664,,,,,
769,14,0.0846523930485006,,,,,,
770,15,0.085001735148301,,0.169520135196141,,,,
771,15,0.0852094633192664,,,0.170211198467567,,,
772,15,0.0852668655610545,,,,,,
773,15,0.0852199739164866,,,0.170486839477541,,,
774,15,0.0851739730274,,,,,,
775,15,0.0851297680707553,,,0.170303741098155,,,
776,15,0.0850848627626815,,,,,,
777,15,0.0850408579255095,,,0.170125720688191,,,
778,15,0.084993298942742,,,,,,
779,15,0.0850810937089189,,,0.170074392651661,,,
780,15,0.0854138938969386,,,,,,
781,15,0.0853872476896784,,,0.170801141586617,,,
782,10,0.0853698295943303,,,,,,
783,0,0.0854494209325262,,,,0.170836668622205,,
784,0,0.0854631495057524,0.170912570438279,,,,,
785,0,0.0856771241146361,,,,,,
786,0,0.0856388817129393,0.171316005827575,,,,,
787,0,0.085585148871325,,,,,,
788,0,0.0855311701256935,0.171116318997019,,,,,
789,0,0.0854773490763036,,,,,,
790,0,0.085423870498065,0.170901219574369,,,,,
791,0,0.0853704444029891,,,,,,
792,0,0.0853168938560244,0.170687338259014,,,,,
793,0,0.0852635047132344,,,,,,
794,0,0.0852108191086905,0.170474323821925,,,,,
795,0,0.085158605757855,,,,,,
796,0,0.0851077141848044,0.170266319942659,,,,,
797,0,0.0856069884788717,,,,,,
798,0,0.0862231164139754,0.171830104892847,,,,,
799,0,0.0863333256766077,,,,,,
800,0,0.0864813037448843,0.172814629421492,,,,,
801,0,0.0864305319796465,,,,,,
802,0,0.0863795715248007,0.172810103504447,,,,,
803,0,0.0863293105123716,,,,,,
804,0,0.0862791586624167,0.172608469174788,,,,,
805,0,0.0862297746805016,,,,,,
806,0,0.086180336502191,0.172410111182693,,,,,
807,0,0.0861309699775371,,,,,,
808,0,0.0860817027531085,0.172212672730646,,,,,
809,0,0.0860324359856063,,,,,,
810,0,0.0859834067917009,0.172015842777307,,,,,
811,0,0.0859345502555581,,,,,,
812,0,0.0858855121872018,0.17182006244276,,,,,
813,0,0.0858368314286734,,,,,,
814,0,0.0857885223386894,0.171625353767363,,,,,
815,0,0.0857397574772198,,,,,,
816,0,0.0856914912639879,0.171431248741208,,,,,
817,0,0.0856435071948883,,,,,,
818,0,0.0855955055193378,0.171239012714226,,,,,
819,0,0.0855475262687116,,,,,,
820,0,0.0854997685534535,0.171047294822165,,,,,
821,0,0.0854519299307396,,,,,,
822,0,0.0854041800221778,0.170856109952917,,,,,
823,0,0.0853564585066463,,,,,,
824,0,0.0853089315692176,0.170665390075864,,,,,
825,0,0.0852617227597485,,,,,,
826,0,0.085214519644498,0.170476242404247,,,,,
827,0,0.0851672313563051,,,,,,
828,0,0.0851197401063563,0.170286971462661,,,,,
829,0,0.085072064557897,,,,,,
830,0,0.0850228675674447,0.170094932125342,,,,,
831,0,0.0850428966502698,,,,,,
832,0,0.085024725856926,0.170067622507196,,,,,
833,0,0.0849786730344929,,,,,,
834,1,0.0855813679754102,,,,,,
835,15,0.0856965727459758,,0.170675245780469,,,,
836,15,0.0858332501332673,,,0.171529822879243,,,
837,15,0.0858403637575604,,,,,,
838,15,0.0858011430373784,,,0.171641506794939,,,
839,15,0.0857578675484866,,,,,,
840,15,0.0857139967497031,,,0.17147186429819,,,
841,15,0.0856696867083165,,,,,,
842,15,0.0856257812779201,,,0.171295467986237,,,
843,15,0.0855829178412681,,,,,,
844,15,0.0855428289907134,,,0.171125746831982,,,
845,15,0.0856904751668537,,,,,,
846,15,0.0857274958417373,,,0.171417971008591,,,
847,15,0.0857559126333937,,,,,,
848,15,0.0857366700906038,,,0.171492582723998,,,
849,15,0.0857048126769888,,,,,,
850,6,0.08576457041348,,,,,,
851,0,0.0858760234852229,,,,0.171580836162212,,
852,0,0.085946221970784,0.171822245456007,,,,,
853,0,0.0861589987028077,,,,,,
854,0,0.0861096467496304,0.172268645452438,,,,,
855,12,0.0861461013979475,,,,,,
856,15,0.0862964878417475,,0.172406134591378,,,,
857,15,0.0864729852907687,,,0.172769473132516,,,
858,15,0.0866136187076375,,,,,,
859,15,0.0865719845833683,,,0.173185603291006,,,
860,15,0.0865326232296804,,,,,,
861,15,0.0866774809329467,,,0.173210104162627,,,
862,15,0.0868077451731155,,,,,,
863,15,0.086804558971216,,,0.173612304144331,,,
864,15,0.0870292648465167,,,,,,
865,15,0.0869970713733642,,,0.174026336219881,,,
866,15,0.0869614806209466,,,,,,
867,15,0.0871201312601479,,,0.174081611881095,,,
868,15,0.0871723374469443,,,,,,
869,3,0.0873677056864555,,,,,,
870,0,0.0875302328525907,,,,0.174702570299535,,
871,0,0.0877006805117777,0.175230913364368,,,,,
872,0,0.0876515293934228,,,,,,
873,0,0.0876066204315529,0.175258149824976,,,,,
874,0,0.0877993092837933,,,,,,
875,0,0.0878296832368656,0.175628992520659,,,,,
876,0,0.0877803877192426,,,,,,
877,0,0.0877311011598506,0.175511488879093,,,,,
878,0,0.0876817317816975,,,,,,
879,0,0.0876324149526443,0.175314146734342,,,,,
880,0,0.0875833241725186,,,,,,
881,0,0.0875341889025591,0.175117513075078,,,,,
882,0,0.0874850913781569,,,,,,
883,0,0.0874360372998325,0.174921128677989,,,,,
884,0,0.0873870731523593,,,,,,
885,0,0.0873386636502197,0.174725736802579,,,,,
886,0,0.0872907968505468,,,,,,
887,0,0.0872433811143766,0.174534177964923,,,,,
888,0,0.0871973429532993,,,,,,
889,0,0.0871679756427676,0.174365318596067,,,,,
890,0,0.0874018012338086,,,,,,
891,0,0.0873737659388046,0.174775567172613,,,,,
892,0,0.0873272146217809,,,,,,
893,0,0.0872808872544564,0.174608101876237,,,,,
894,0,0.0872350717239364,,,,,,
895,0,0.0871894655763041,0.174424537300241,,,,,
896,0,0.0871443258720315,,,,,,
897,0,0.0870995580388945,0.174243883910926,,,,,
898,0,0.0870546911431471,,,,,,
899,0,0.0870102464022806,0.174064937545428,,,,,
900,0,0.0869656508738171,,,,,,
901,0,0.0869216546988293,0.173887305572646,,,,,
902,0,0.0868780579966346,,,,,,
903,0,0.0868340350164253,0.17371209301306,,,,,
904,0,0.086790533152538,,,,,,
905,0,0.0867468317060129,0.173537364858551,,,,,
906,0,0.086703345293335,,,,,,
907,0,0.0866597559652843,0.173363101258619,,,,,
908,0,0.0866165425573289,,,,,,
909,0,0.0865733408841027,0.173189883441432,,,,,
910,0,0.0865304600674106,,,,,,
911,0,0.0864872761598623,0.173017736227273,,,,,
912,0,0.0864444664046455,,,,,,
913,0,0.0864016444612656,0.172846110865911,,,,,
914,0,0.0863590474107287,,,,,,
915,0,0.0863162682730107,0.172675315683739,,,,,
916,0,0.0862737591119009,,,,,,
917,0,0.0862312202316275,0.172504979343528,,,,,
918,0,0.0861888113416218,,,,,,
919,0,0.0861464603425181,0.17233527168414,,,,,
920,0,0.0861042934307269,,,,,,
921,0,0.086061997821938,0.172166291252665,,,,,
922,0,0.0860199815549198,,,,,,
923,0,0.0859777316263853,0.171997713181305,,,,,
924,0,0.0859352734750706,,,,,,
925,0,0.0858925982652973,0.171827871740368,,,,,
926,0,0.0858496929258139,,,,,,
927,0,0.0858064686802241,0.171656161606038,,,,,
928,0,0.0857629485419561,,,,,,
929,0,0.0857195647991346,0.171482513341091,,,,,
930,0,0.0856761095455474,,,,,,
931,0,0.0856327203057209,0.171308829851268,,,,,
932,0,0.0855889971257559,,,,,,
933,0,0.0855445611681019,0.171133558293858,,,,,
934,0,0.0855102349011118,,,,,,
935,0,0.0857243918228601,0.171234626723972,,,,,
936,0,0.0857168872464438,,,,,,
937,0,0.0856715247813999,0.171388412027844,,,,,
938,0,0.0856260444114897,,,,,,
939,0,0.0855806339456099,0.1712066783571,,,,,
940,0,0.0855353849989242,,,,,,
941,0,0.0854901805852378,0.171025565584162,,,,,
942,0,0.0854450134625741,,,,,,
943,0,0.0853999488102049,0.170844962272779,,,,,
944,0,0.0853549119382095,,,,,,
945,0,0.0853154493665518,0.170670361304761,,,,,
946,0,0.0852882560605013,,,,,,
947,0,0.0852578634745987,0.1705461195351,,,,,
948,0,0.0852170243625433,,,,,,
949,0,0.0851801120450491,0.170397136407592,,,,,
950,0,0.0852672076146109,,,,,,
951,0,0.0853894657776352,0.170656673392246,,,,,
952,0,0.0853449888428493,,,,,,
953,0,0.0853004084891822,0.170645397332031,,,,,
954,0,0.0852559211904782,,,,,,
955,0,0.0852115486270129,0.170467469817491,,,,,
956,0,0.085167313540747,,,,,,
957,0,0.0851233120967104,0.170290625637457,,,,,
958,0,0.0854749077219217,,,,,,
959,0,0.0857545241293851,0.171229431851307,,,,,
960,0,0.0857233564452438,,,,,,
961,0,0.0856886741509704,0.171412030596214,,,,,
962,0,0.0856551702590336,,,,,,
963,0,0.0856188744816278,0.171274044740661,,,,,
964,0,0.0855765212500785,,,,,,
965,0,0.0855323939730042,0.171108915223083,,,,,
966,0,0.0854884355320089,,,,,,
967,0,0.0854446317460163,0.170933067278025,,,,,
968,0,0.0854009013011788,,,,,,
969,0,0.0853571647296792,0.170758066030858,,,,,
970,0,0.0853137410861984,,,,,,
971,0,0.0852702223684929,0.170583963454691,,,,,
972,0,0.0852268331840005,,,,,,
973,0,0.0851835305062451,0.170410363690246,,,,,
974,0,0.0851401847823351,,,,,,
975,0,0.085096955015558,0.170237139797893,,,,,
976,0,0.0850539997127065,,,,,,
977,0,0.08501100998752,0.170065009700226,,,,,
978,0,0.0849679060111762,,,,,,
979,0,0.0849250900359806,0.169892996047157,,,,,
980,0,0.0848822453332146,,,,,,
981,0,0.0848396523010411,0.169721897634256,,,,,
982,0,0.0847972064311546,,,,,,
983,0,0.0847549179906642,0.169552124421819,,,,,
984,0,0.0847125729023693,,,,,,
985,0,0.0846703596251453,0.169382932527515,,,,,
986,0,0.0846280150565253,,,,,,
987,0,0.0845860714649502,0.169214086521476,,,,,
988,0,0.0845440290723923,,,,,,
989,0,0.0845021979050387,0.169046226977431,,,,,
990,0,0.0844602404162956,,,,,,
991,0,0.0844184926593274,0.168878733075623,,,,,
992,0,0.0843768557682994,,,,,,
993,0,0.0843351161711446,0.168711971939444,,,,,
994,0,0.0842942414839467,,,,,,
995,0,0.0842527133477087,0.168546954831655,,,,,
996,0,0.0842113169271316,,,,,,
997,0,0.0841699630150435,0.168381279942175,,,,,
998,0,0.0841285267640861,,,,,,
999,0,0.0840872484706713,0.168215775234757,,,,,
1000,0,0.0840461764283857,,,,,,
1001,0,0.0840050640033819,0.168051240431768,,,,,
1002,0,0.0839639549706202,,,,,,
1003,0,0.0839230649211094,0.16788701989173,,,,,
1004,0,0.0838823229543439,,,,,,
1005,0,0.0838414798925157,0.16772380284686,,,,,
1006,0,0.0838007364015579,,,,,,
1007,0,0.0837601488479102,0.167560885249468,,,,,
1008,0,0.0837196756983404,,,,,,
1009,0,0.0836790930245735,0.167398768722914,,,,,
1010,0,0.0836385711689428,,,,,,
1011,0,0.0835982177759371,0.16723678894488,,,,,
1012,0,0.0835577496821165,,,,,,
1013,0,0.0835175233399461,0.167075273022063,,,,,
1014,0,0.0834772850909679,,,,,,
1015,0,0.083437018687267,0.166914303778235,,,,,
1016,0,0.0833968946372952,,,,,,
1017,0,0.0833567231601838,0.166753617797479,,,,,
1018,0,0.0833165788868106,,,,,,
1019,0,0.08327600101884,0.166592579905651,,,,,
1020,0,0.0832355485244213,,,,,,
1021,0,0.0831950398855771,0.166430588409998,,,,,
1022,0,0.0831546430636914,,,,,,
1023,0,0.0831143006173522,0.166268943681044,,,,,
1024,0,0.0830739503795315,,,,,,
1025,0,0.0830336743118642,0.166107624691396,,,,,
1026,0,0.0829937207529395,,,,,,
1027,0,0.0829539900603101,0.16594771081325,,,,,
1028,0,0.0829199022945858,,,,,,
1029,0,0.082966912554522,0.165886814849108,,,,,
1030,0,0.0831195835824186,,,,,,
1031,0,0.0830795148904359,0.166199098472854,,,,,
1032,0,0.0830394114827831,,,,,,
1033,0,0.0829993651826341,0.166038776665417,,,,,
1034,0,0.0829593681878809,,,,,,
1035,0,0.0829194170868435,0.165878785274724,,,,,
1036,0,0.0828795134291869,,,,,,
1037,0,0.0828397039214476,0.165719217350634,,,,,
1038,0,0.0827999543999412,,,,,,
1039,0,0.0827602683772814,0.165560222777223,,,,,
1040,0,0.0827206257968854,,,,,,
1041,0,0.0826810382430146,0.1654016640399,,,,,
1042,0,0.0826415432989398,,,,,,
1043,0,0.0826021249907992,0.165243668289739,,,,,
1044,0,0.0825626651047511,,,,,,
1045,0,0.0825232833945644,0.165085948499315,,,,,
1046,0,0.0824840213300904,,,,,,
1047,0,0.0824448915236678,0.164928912853758,,,,,
1048,0,0.0825123889078693,,,,,,
1049,0,0.0826339137393612,0.165146302647231,,,,,
1050,0,0.0825948858497381,,,,,,
1051,0,0.0825557944372856,0.165150680287024,,,,,
1052,0,0.0825170614170565,,,,,,
1053,0,0.0824800323440609,0.164997093761117,,,,,
1054,0,0.0824410884540249,,,,,,
1055,0,0.0824022118508433,0.164843300304868,,,,,
1056,0,0.0823632549126936,,,,,,
1057,0,0.0823243827633751,0.164687637676069,,,,,
1058,0,0.0822857469497494,,,,,,
1059,0,0.0822474463321629,0.164533193281912,,,,,
1060,0,0.0822091483996611,,,,,,
1061,0,0.0821709458951432,0.164380094294804,,,,,
1062,0,0.0821323914920034,,,,,,
1063,0,0.0820941577689263,0.16422654926093,,,,,
1064,0,0.0820559012013371,,,,,,
1065,0,0.082017783781414,0.164073684982751,,,,,
1066,0,0.0819795228513215,,,,,,
1067,0,0.0821998571265988,0.16417937997792,,,,,
1068,0,0.0822786826777426,,,,,,
1069,0,0.0822425027174793,0.164521185395222,,,,,
1070,0,0.0822042760623134,,,,,,
1071,0,0.0821661519435408,0.164370428005854,,,,,
1072,0,0.0821279751604757,,,,,,
1073,0,0.0820898264734964,0.164217801633972,,,,,
1074,0,0.0820518541049577,,,,,,
1075,0,0.082013868423966,0.164065722528924,,,,,
1076,0,0.0819759335868005,,,,,,
1077,0,0.0819380342479838,0.163913967834784,,,,,
1078,0,0.0819001470419152,,,,,,
1079,0,0.0818623174165573,0.163762464458473,,,,,
1080,0,0.0818245431902199,,,,,,
1081,0,0.0817868824608087,0.163611425651029,,,,,
1082,0,0.0817493295839499,,,,,,
1083,0,0.0817117797935896,0.163461109377539,,,,,
1084,0,0.0816743238876424,,,,,,
1085,0,0.0816368852056282,0.163311209093271,,,,,
1086,0,0.0815996839320769,,,,,,
1087,0,0.0815624504639277,0.163162134396005,,,,,
1088,0,0.0815251748692677,,,,,,
1089,0,0.0814878723331674,0.163013047202435,,,,,
1090,0,0.0814506063836837,,,,,,
1091,0,0.0814133841138183,0.162863990497502,,,,,
1092,0,0.0813762358874281,,,,,,
1093,0,0.0813390948542999,0.162715330741728,,,,,
1094,0,0.0813020881067289,,,,,,
1095,0,0.0812651673726297,0.162567255479359,,,,,
1096,0,0.081228320659992,,,,,,
1097,0,0.0811914137914798,0.162419734451472,,,,,
1098,0,0.0811545748947977,,,,,,
1099,0,0.0811178179818853,0.162272392876683,,,,,
1100,0,0.0810811913097237,,,,,,
1101,0,0.0810445762545903,0.162125767564314,,,,,
1102,0,0.081008001931126,,,,,,
1103,0,0.0809714722618532,0.161979474192979,,,,,
1104,0,0.0809350312490279,,,,,,
1105,0,0.0808986427677415,0.161833674016769,,,,,
1106,0,0.080862160183758,,,,,,
1107,0,0.0808258998524239,0.161688060036182,,,,,
1108,0,0.0807895538309727,,,,,,
1109,0,0.0807532163202669,0.16154277015124,,,,,
1110,0,0.0807170045699385,,,,,,
1111,0,0.0806808283587319,0.16139783292867,,,,,
1112,0,0.0806455274958705,,,,,,
1113,0,0.080614628360704,0.161260155856575,,,,,
1114,12,0.080665096597793,,,,,,
1115,15,0.0807946425887192,,0.161409270949423,,,,
1116,15,0.0808567455919916,,,0.161651388180711,,,
1117,15,0.080962416941507,,,,,,
1118,15,0.0809279129162054,,,0.161890329857712,,,
1119,15,0.0808934284419305,,,,,,
1120,15,0.0808578336927386,,,0.161751262134669,,,
1121,15,0.0808242647876522,,,,,,
1122,15,0.0807914328907146,,,0.161615697678367,,,
1123,15,0.0807739982717938,,,,,,
1124,15,0.0807550169888839,,,0.161529015260678,,,
1125,15,0.0807451662229314,,,,,,
1126,15,0.0808224533109196,,,0.161567619533851,,,
1127,15,0.0809136745765181,,,,,,
1128,15,0.0812528714788911,,,0.162166546055409,,,
1129,6,0.0814258716461321,,,,,,
1130,0,0.0816695652663154,0.163383641872162,,,0.162922436745207,,
1131,0,0.0817140766058471,,,,,,
1132,0,0.0816847970335096,0.163340664531144,,,,,
1133,0,0.0816558674976344,,,,,,
1134,15,0.0817191978764287,,,0.163375065374063,,,
1135,15,0.0818945725810391,,,,,,
1136,15,0.0819373623606741,,,0.163831934941713,,,
1137,15,0.0820240139035801,,,,,,
1138,15,0.0819890847033905,,,0.164013098606971,,,
1139,15,0.0819538994615407,,,,,,
1140,15,0.081919545723329,,,0.16387344518487,,,
1141,15,0.0818853585570502,,,,,,
1142,15,0.0818516419968464,,,0.163737000553897,,,
1143,15,0.0818178575179773,,,,,,
1144,15,0.0817841308173302,,,0.163601988335308,,,
1145,15,0.081751313072163,,,,,,
1146,15,0.0817185124052131,,,0.163469825477376,,,
1147,14,0.0817128236343318,,,,,,
1148,0,0.0818648399716236,,,,0.163583352376837,,
1149,0,0.081943520429219,0.163808360400843,,,,,
1150,0,0.0820090464898071,,,,,,
1151,0,0.0820836656995336,0.164092712189341,,,,,
1152,0,0.082048821191961,,,,,,
1153,0,0.0820140987312925,0.164062919923254,,,,,
1154,0,0.0819805897592836,,,,,,
1155,0,0.0819452762812969,0.16392586604058,,,,,
1156,0,0.0819099989023621,,,,,,
1157,0,0.081874770949257,0.163784769851619,,,,,
1158,0,0.0818395443549959,,,,,,
1159,0,0.0818044647707002,0.163644009125696,,,,,
1160,0,0.0817693326981055,,,,,,
1161,0,0.0817342340032876,0.163503566701393,,,,,
1162,0,0.0816992523393435,,,,,,
1163,0,0.0816642642195311,0.163363516558875,,,,,
1164,0,0.081629248683439,,,,,,
1165,0,0.0815943252336134,0.163223573917052,,,,,
1166,0,0.0815594607719853,,,,,,
1167,0,0.0815246827674758,0.163084143539461,,,,,
1168,0,0.0814902067251768,,,,,,
1169,0,0.0814558076756142,0.162946014400791,,,,,
1170,0,0.0814214313217819,,,,,,
1171,0,0.0813869961434091,0.162808427465191,,,,,
1172,0,0.0813525346738036,,,,,,
1173,0,0.081318260364424,0.162670795038228,,,,,
1174,0,0.0812840706347435,,,,,,
1175,0,0.0812498900881284,0.162533960722872,,,,,
1176,0,0.0814168336216408,,,,,,
1177,0,0.081450477082672,0.162867310704313,,,,,
1178,0,0.0814300660406555,,,,,,
1179,0,0.0813964608822666,0.162826526922922,,,,,
1180,0,0.0813623476040751,,,,,,
1181,0,0.0813282124185387,0.162690560022614,,,,,
1182,0,0.0812940650761719,,,,,,
1183,0,0.0812599030508999,0.162553968127072,,,,,
1184,0,0.0812258773384096,,,,,,
1185,0,0.0811919266323774,0.162417803970787,,,,,
1186,0,0.0811580494771398,,,,,,
1187,0,0.0811242186632273,0.162282268140367,,,,,
1188,0,0.0810904314027395,,,,,,
1189,0,0.08105665545686,0.162147086859599,,,,,
1190,0,0.081022929147216,,,,,,
1191,0,0.08098919508892,0.162012124236136,,,,,
1192,0,0.0809555264969341,,,,,,
1193,0,0.0809218143190103,0.161877340815944,,,,,
1194,0,0.0808881596728065,,,,,,
1195,0,0.0808546455266188,0.161742805199425,,,,,
1196,0,0.0808210934877672,,,,,,
1197,0,0.0807877117503708,0.161608805238138,,,,,
1198,0,0.0807542414987848,,,,,,
1199,0,0.080720802907966,0.161475044406751,,,,,
1200,0,0.0806873604835991,,,,,,
1201,0,0.0806539384166657,0.161341298900265,,,,,
1202,0,0.0806281945003501,,,,,,
1203,0,0.0806848577171653,0.161313052217515,,,,,
1204,0,0.080806410273237,,,,,,
1205,0,0.0807730386134945,0.161579448886731,,,,,
1206,2,0.080861607459839,,,,,,
1207,15,0.0810757413910642,,0.161848780004559,,,,
1208,15,0.081207082332952,,,0.162282823724016,,,
1209,15,0.0812288989937481,,,,,,
1210,15,0.0811993608569696,,,0.162428259850718,,,
1211,15,0.081169225998492,,,,,,
1212,15,0.0811527302934585,,,0.16232195629195,,,
1213,15,0.0814838573387064,,,,,,
1214,15,0.0816661080963577,,,0.163149965435064,,,
1215,15,0.0816517963453835,,,,,,
1216,15,0.0816207016123793,,,0.163272497957763,,,
1217,15,0.0815903489209401,,,,,,
1218,15,0.0815602135024328,,,0.163150562423373,,,
1219,15,0.081530778453605,,,,,,
1220,15,0.0815020277726609,,,0.163032806226266,,,
1221,7,0.0815637295079633,,,,,,
1222,0,0.0816069484722161,,,,0.163108976244877,,
1223,0,0.0817999803979217,0.163406928870138,,,,,
1224,0,0.0817729854340993,,,,,,
1225,0,0.0819920217264466,0.163765007160546,,,,,
1226,11,0.0821147599687468,,,,,,
1227,15,0.0821653401234586,,0.164157361849905,,,,
1228,15,0.0822674164974119,,,0.16443275662087,,,
1229,15,0.0822375100258715,,,,,,
1230,15,0.0822165884727091,,,0.164454098498581,,,
1231,15,0.0822855602313638,,,,,,
1232,15,0.082264949316507,,,0.164550509547871,,,
1233,15,0.0822357012157545,,,,,,
1234,15,0.0822075996618077,,,0.164443300877562,,,
1235,15,0.0821797274460437,,,,,,
1236,15,0.0821511634887891,,,0.164330890934833,,,
1237,15,0.0821230593039552,,,,,,
1238,15,0.0820940040511559,,,0.164217063355111,,,
1239,12,0.082229288280747,,,,,,
1240,0,0.082318334484487,,,,0.164412338535643,,
1241,0,0.0824607445978078,0.164779079082295,,,,,
1242,0,0.0824429586989878,,,,,,
1243,0,0.0824098495109151,0.164852808209903,,,,,
1244,0,0.0823787519063541,,,,,,
1245,0,0.0824928848996499,0.164871636806004,,,,,
1246,0,0.0825643025218396,,,,,,
1247,0,0.0825313414990622,0.165095644020902,,,,,
1248,0,0.0824983900407225,,,,,,
1249,0,0.082465497366581,0.164963887407303,,,,,
1250,0,0.0824339624912547,,,,,,
1251,0,0.0824026424603866,0.164836604951641,,,,,
1252,0,0.0823716656101969,,,,,,
1253,0,0.0823694281162529,0.16474109372645,,,,,
1254,0,0.0823534866831938,,,,,,
1255,0,0.0823218459266775,0.164675332609871,,,,,
1256,0,0.0822897018473196,,,,,,
1257,0,0.0822575609530258,0.164547262800345,,,,,
1258,0,0.082225541602509,,,,,,
1259,0,0.0821936144191802,0.164419156021689,,,,,
1260,0,0.0821617764195843,,,,,,
1261,0,0.0821300077883667,0.164291784207951,,,,,
1262,0,0.0820982715522962,,,,,,
1263,0,0.0820664941762843,0.164164765728581,,,,,
1264,0,0.0820348739977586,,,,,,
1265,0,0.0820032660173588,0.164038140015117,,,,,
1266,0,0.0819717352258333,,,,,,
1267,0,0.0819403041541158,0.163912039379949,,,,,
1268,0,0.0819087733463855,,,,,,
1269,0,0.0818774789945285,0.163786252340914,,,,,
1270,0,0.0818461592031552,,,,,,
1271,0,0.0818152160939802,0.163661375297135,,,,,
1272,0,0.0817841944179353,,,,,,
1273,0,0.0817530022193571,0.163537196637292,,,,,
1274,0,0.081721779645592,,,,,,
1275,0,0.081690599588865,0.163412379234457,,,,,
1276,0,0.081659406229209,,,,,,
1277,0,0.0816283104533839,0.163287716682593,,,,,
1278,0,0.081597228077803,,,,,,
1279,0,0.0815661601942083,0.163163388272011,,,,,
1280,0,0.0815352869833883,,,,,,
1281,0,0.0815044534120163,0.163039740395405,,,,,
1282,0,0.081473692582739,,,,,,
1283,0,0.0814428866903669,0.162916579273106,,,,,
1284,0,0.0814121096281575,,,,,,
1285,0,0.0813813577113652,0.162793467339523,,,,,
1286,0,0.0813506555947725,,,,,,
1287,0,0.0813200203167106,0.162670675911483,,,,,
1288,0,0.081289528142344,,,,,,
1289,0,0.0812589804353735,0.162548508577718,,,,,
1290,0,0.0812283496658895,,,,,,
1291,0,0.0811976492825598,0.162425998948449,,,,,
1292,0,0.0811670763849713,,,,,,
1293,0,0.0811367248161464,0.162303801201118,,,,,
1294,0,0.0811056600243568,,,,,,
1295,0,0.0810746685739152,0.162180328598272,,,,,
1296,0,0.0810437302016667,,,,,,
1297,0,0.0810128830722094,0.162056613273876,,,,,
1298,9,0.0810004059982525,,,,,,
1299,15,0.0810550446214226,,0.162067927693632,,,,
1300,15,0.0811730707755379,,,0.16222811539696,,,
1301,15,0.0811886064253492,,,,,,
1302,15,0.0811636090008853,,,0.162352215426234,,,
1303,15,0.0811379690928955,,,,,,
1304,15,0.0811137588573656,,,0.162251727950261,,,
1305,15,0.0810887615946847,,,,,,
1306,15,0.0811457964135798,,,0.162234558008264,,,
1307,15,0.0812674165002819,,,,,,
1308,15,0.081254622577686,,,0.162522039077968,,,
1309,15,0.0812356007066248,,,,,,
1310,15,0.0812929814796729,,,0.162528582186298,,,
1311,15,0.0814621140869487,,,,,,
1312,15,0.0815763977969577,,,0.163038511883906,,,
1313,15,0.0816190651757365,,,,,,
1314,6,0.0817706018537932,,,,,,
1315,0,0.081813904139788,,,,0.163432969315525,,
1316,0,0.0820444094454842,0.163858313585272,,,,,
1317,0,0.0820672652253367,,,,,,
1318,0,0.0820367497462794,0.164104014971616,,,,,
1319,14,0.0821476066121861,,,,,,
1320,15,0.0823387679374367,,0.164375517683716,,,,
1321,15,0.0824056300965003,,,0.164744398033937,,,
1322,15,0.0824894558811225,,,,,,
1323,15,0.0824616211922879,,,0.16495107707341,,,
1324,15,0.082434431018921,,,,,,
1325,15,0.0824084007298307,,,0.164842831748752,,,
1326,15,0.0823826322677192,,,,,,
1327,15,0.0823561564335675,,,0.164738788701287,,,
1328,15,0.0823301175858948,,,,,,
1329,15,0.082304670454705,,,0.1646347880406,,,
1330,15,0.0822788552627067,,,,,,
1331,15,0.0822522759882843,,,0.164531131250991,,,
1332,10,0.0822547075030412,,,,,,
1333,0,0.0823044005544303,,,,0.164556676542715,,
1334,0,0.0823226948142703,0.164627095368701,,,,,
1335,0,0.0824759112205216,,,,,,
1336,0,0.0824456728947821,0.164921584115304,,,,,
1337,0,0.0824158334225239,,,,,,
1338,0,0.0823864541527959,0.16480228757532,,,,,
1339,0,0.0823573949833414,,,,,,
1340,0,0.0823955780132483,0.16475297299659,,,,,
1341,0,0.0825217135878784,,,,,,
1342,0,0.0825004246591489,0.165022138247027,,,,,
1343,0,0.0825147420006529,,,,,,
1344,0,0.0827312206758631,0.165245962676516,,,,,
1345,0,0.082846674420554,,,,,,
1346,0,0.0828210114334247,0.165667685853979,,,,,
1347,0,0.0828039362587935,,,,,,
1348,0,0.0827763567997606,0.165580293058554,,,,,
1349,0,0.0827472070202938,,,,,,
1350,0,0.0827183978778118,0.165465604898106,,,,,
1351,0,0.0826895132495894,,,,,,
1352,0,0.0826608186214767,0.165350331871066,,,,,
1353,0,0.082631726178037,,,,,,
1354,0,0.0826025151812077,0.165234241359245,,,,,
1355,0,0.0825748077445104,,,,,,
1356,0,0.0825465850165883,0.165121392761099,,,,,
1357,0,0.0825182318702123,,,,,,
1358,0,0.0824900531134317,0.165008284983644,,,,,
1359,0,0.0824618215380762,,,,,,
1360,0,0.0824339516067808,0.164895773144857,,,,,
1361,0,0.0824058986142957,,,,,,
1362,0,0.0823779215358348,0.16478382015013,,,,,
1363,0,0.082349893748707,,,,,,
1364,0,0.0823219038231023,0.164671797571809,,,,,
1365,0,0.0822942205707502,,,,,,
1366,0,0.0822665479528117,0.164560768523562,,,,,
1367,0,0.0822388393456788,,,,,,
1368,0,0.0822111572715372,0.164449996617216,,,,,
1369,0,0.0821835247574498,,,,,,
1370,0,0.0821561763358725,0.164339701093322,,,,,
1371,0,0.0821286089699254,,,,,,
1372,0,0.082101128171739,0.164229737141664,,,,,
1373,0,0.0820736840551723,,,,,,
1374,0,0.0820461902225902,0.164119874277762,,,,,
1375,0,0.0820189435881044,,,,,,
1376,0,0.0819914152935592,0.164010358881664,,,,,
1377,0,0.0819640703199179,,,,,,
1378,0,0.0819368492767258,0.163900919596644,,,,,
1379,0,0.0819097425437858,,,,,,
1380,0,0.0818826376856466,0.163792380229432,,,,,
1381,0,0.0818552647717325,,,,,,
1382,0,0.0818279602040737,0.163683224975806,,,,,
1383,0,0.0818008036734948,,,,,,
1384,0,0.0817735431443469,0.163574346817842,,,,,
1385,0,0.0817464469127602,,,,,,
1386,0,0.0817184440321836,0.163464890944944,,,,,
1387,0,0.0816900248847634,,,,,,
1388,0,0.0818004648443509,0.163490489729114,,,,,
1389,0,0.0818453502370641,,,,,,
1390,0,0.0818166222975976,0.163661972534662,,,,,
1391,3,0.0818543168544635,,,,,,
1392,15,0.0819725853568232,,0.163789207654421,,,,
1393,15,0.0820818469053223,,,0.164054432262145,,,
1394,15,0.082095427298013,,,,,,
1395,15,0.0820711299498051,,,0.164166557247818,,,
1396,15,0.0820483158491166,,,,,,
1397,15,0.0820245587465593,,,0.164072874595676,,,
1398,15,0.0819999512304992,,,,,,
1399,15,0.0819759180552737,,,0.163975869285773,,,
1400,15,0.0819513555526442,,,,,,
1401,15,0.0819263596425034,,,0.163877715195148,,,
1402,15,0.0819025328206323,,,,,,
1403,15,0.0819046903318255,,,0.163807223152458,,,
1404,15,0.0819883833211033,,,,,,
1405,15,0.0819853476324364,,,0.16397373095354,,,
1406,15,0.0820243707583201,,,,,,
1407,0,0.0821518602694022,,,,0.164176231027722,,
1408,0,0.0823119330277679,0.16446379329717,,,,,
1409,0,0.0824715841306066,,,,,,
1410,0,0.0824574829400343,0.164929067070641,,,,,
1411,5,0.0824364615030062,,,,,,
1412,15,0.0825006227026805,,0.164958105642715,,,,
1413,15,0.082614789691935,,,0.165115412394616,,,
1414,15,0.0826710531599959,,,,,,
1415,15,0.0828029631934871,,,0.165474016353483,,,
1416,15,0.0827848227417879,,,,,,
1417,15,0.0827604707873418,,,0.16554529352913,,,
1418,15,0.0827367445020644,,,,,,
1419,15,0.0827119862880937,,,0.165448730790158,,,
1420,15,0.0826884731771778,,,,,,
1421,15,0.0826643320962223,,,0.1653528052734,,,
1422,15,0.0826414664681046,,,,,,
1423,15,0.0827333330105981,,,0.165374799478703,,,
1424,15,0.0829267603540702,,,,,,
1425,5,0.0831642152494545,,,,,,
1426,0,0.0832466820425808,,,,0.166173442396651,,
1427,0,0.0833418983874639,0.166588580430045,,,,,
1428,0,0.0833128392364455,,,,,,
1429,0,0.0832838888082399,0.166596728044685,,,,,
1430,0,0.0832550685249852,,,,,,
1431,0,0.0832262216980943,0.16648129022308,,,,,
1432,0,0.0831973547604017,,,,,,
1433,0,0.0831684691490144,0.166365823909416,,,,,
1434,0,0.0831396057560001,,,,,,
1435,0,0.0831196867278472,0.166259292483847,,,,,
1436,0,0.0831001024248024,,,,,,
1437,0,0.0837166252659788,0.166816727690781,,,,,
1438,0,0.0838237364845647,,,,,,
1439,0,0.0837969477892548,0.16762068427382,,,,,
1440,0,0.0837691134740898,,,,,,
1441,0,0.0837418205749411,0.167510934049031,,,,,
1442,0,0.0837146131344605,,,,,,
1443,0,0.083687001310572,0.167401614445032,,,,,
1444,0,0.0836592961001264,,,,,,
1445,0,0.0837688536103474,0.167428149710474,,,,,
1446,0,0.0837534411214637,,,,,,
1447,0,0.0837381504193371,0.167491591540801,,,,,
1448,0,0.0837105448335371,,,,,,
1449,0,0.083683175362418,0.167393720195955,,,,,
1450,0,0.0836560732288771,,,,,,
1451,0,0.0836290172057393,0.167285090434616,,,,,
1452,0,0.083601959928085,,,,,,
1453,0,0.083574942153824,0.167176902081909,,,,,
1454,0,0.0835477794386904,,,,,,
1455,0,0.0835208116568417,0.167068591095532,,,,,
1456,0,0.0834940403572709,,,,,,
1457,0,0.0834672692498462,0.166961309607117,,,,,
1458,0,0.0834405833395809,,,,,,
1459,0,0.0834139718731198,0.166854555212701,,,,,
1460,0,0.0833873346820648,,,,,,
1461,0,0.0833608018312634,0.166748136513328,,,,,
1462,0,0.0833342140120805,,,,,,
1463,0,0.0833075307364009,0.166641744748481,,,,,
1464,0,0.083281310888173,,,,,,
1465,0,0.0832548993447341,0.166536210232907,,,,,
1466,0,0.083228312161875,,,,,,
1467,0,0.0832010236621448,0.16642933582402,,,,,
1468,0,0.0831749612413613,,,,,,
1469,0,0.0831488734111898,0.166323834652551,,,,,
1470,0,0.083122535704483,,,,,,
1471,0,0.0830963685517302,0.166218904256213,,,,,
1472,0,0.0830701751872254,,,,,,
1473,0,0.0830439539586374,0.166114129145863,,,,,
1474,0,0.0830176551033441,,,,,,
1475,0,0.0829914960522555,0.1660091511556,,,,,
1476,0,0.0829653453729909,,,,,,
1477,0,0.0829388561833939,0.165904201556385,,,,,
1478,0,0.0829119801368859,,,,,,
1479,0,0.0828851675543198,0.165797147691206,,,,,
1480,0,0.0829617799189577,,,,,,
1481,0,0.083013306259447,0.165975086178405,,,,,
1482,0,0.0829862826524927,,,,,,
1483,0,0.082960847921249,0.165947130573742,,,,,
1484,12,0.0829767871740841,,,,,,
1485,15,0.0830936318017016,,0.166054479722951,,,,
1486,15,0.0831725911227057,,,0.166266222924407,,,
1487,15,0.0832141104885558,,,,,,
1488,15,0.0831896379139043,,,0.16640374840246,,,
1489,15,0.0831647351046443,,,,,,
1490,15,0.0831397511314186,,,0.166304486236063,,,
1491,15,0.0831140459124473,,,,,,
1492,15,0.0830916951030643,,,0.166205741015512,,,
1493,15,0.0830679509101802,,,,,,
1494,15,0.0830437571399692,,,0.166111708050149,,,
1495,15,0.0830204507512244,,,,,,
1496,15,0.0829968348926802,,,0.166017285643905,,,
1497,15,0.0829734665728258,,,,,,
1498,15,0.0829501500037692,,,0.165923616576595,,,
1499,14,0.0830980073961804,,,,,,
1500,0,0.0832663499007041,,,,0.166216499904473,,
1501,0,0.083277074809134,0.166543424709838,,,,,
1502,0,0.0833577458555322,,,,,,
1503,0,0.0833886229760191,0.166746368831551,,,,,
1504,8,0.0834177141851896,,,,,,
1505,15,0.0835623973897588,,0.166951020365778,,,,
1506,15,0.0836122741064768,,,0.167174671496236,,,
1507,15,0.0836062731563973,,,,,,
1508,15,0.0836412632916237,,,0.167247536448021,,,
1509,15,0.0836186023864033,,,,,,
1510,15,0.0835937722333124,,,0.167212374619716,,,
1511,15,0.0835699593160884,,,,,,
1512,15,0.0835473935180978,,,0.167117352834186,,,
1513,15,0.0835261338483377,,,,,,
1514,15,0.083502003373207,,,0.167028137221545,,,
1515,15,0.0834794258479438,,,,,,
1516,15,0.0834562384445479,,,0.166935664292492,,,
1517,15,0.0834335362497326,,,,,,
1518,6,0.0834939073912723,,,,,,
1519,0,0.0835484314979545,,,,0.166981967747687,,
1520,0,0.0835383790029251,0.16708681050088,,,,,
1521,0,0.0835113663660719,,,,,,
1522,0,0.0834839738873717,0.166995340253444,,,,,
1523,0,0.0834566607429488,,,,,,
1524,0,0.0834294581585187,0.166886118901467,,,,,
1525,0,0.0834022983660003,,,,,,
1526,0,0.083375099563969,0.166777397929969,,,,,
1527,0,0.0833519473341599,,,,,,
1528,0,0.0834528962289366,0.166804843563096,,,,,
1529,0,0.083482837534694,,,,,,
1530,0,0.0834556515001138,0.166938489034808,,,,,
1531,0,0.0834285203730956,,,,,,
1532,0,0.083401526940308,0.166830047313404,,,,,
1533,0,0.0833749408573191,,,,,,
1534,0,0.0833479644350985,0.166722905292418,,,,,
1535,0,0.0833434543059748,,,,,,
1536,0,0.083487141954847,0.166830596260822,,,,,
1537,0,0.0834653190827826,,,,,,
1538,0,0.0834390884090081,0.166904407491791,,,,,
1539,0,0.0834128000979699,,,,,,
1540,0,0.0833864722723487,0.166799272370319,,,,,
1541,0,0.0833600640847131,,,,,,
1542,0,0.0833336787880338,0.166693742872747,,,,,
1543,0,0.0833077128107805,,,,,,
1544,0,0.0832816399633443,0.166589352774125,,,,,
1545,0,0.083255614463557,,,,,,
1546,0,0.0832296703054746,0.166485284769032,,,,,
1547,0,0.0832037126105467,,,,,,
1548,0,0.0831778438735706,0.166381556484117,,,,,
1549,0,0.0831984819800637,,,,,,
1550,0,0.0833089185122931,0.166507400492357,,,,,
1551,0,0.0832892624860995,,,,,,
1552,0,0.0832724846470613,0.166561747133161,,,,,
1553,0,0.0832566423102502,,,,,,
1554,0,0.0832411517717996,0.16649779408205,,,,,
1555,0,0.0832226378558255,,,,,,
1556,0,0.0832071044391721,0.166429742294998,,,,,
1557,0,0.0831849652308203,,,,,,
1558,0,0.0831744325507382,0.166359397781559,,,,,
1559,0,0.0831496802619928,,,,,,
1560,0,0.0831242553148936,0.166273935576886,,,,,
1561,0,0.0830988993909148,,,,,,
1562,0,0.0830736923341458,0.166172591725061,,,,,
1563,0,0.0830482326384376,,,,,,
1564,0,0.0830230811461937,0.166071313784631,,,,,
1565,0,0.0829978764504694,,,,,,
1566,0,0.0829727327821357,0.165970609232605,,,,,
1567,0,0.0829479651903431,,,,,,
1568,0,0.083022900569111,0.165970865759454,,,,,
1569,0,0.083105650369465,,,,,,
1570,0,0.0830799412535737,0.166185591623039,,,,,
1571,0,0.0830544819799858,,,,,,
1572,0,0.0832040279578878,0.166258509937874,,,,,
1573,0,0.0832061650912835,,,,,,
1574,0,0.0831812128058673,0.166387377897151,,,,,
1575,0,0.0831560273664089,,,,,,
1576,0,0.0831322651196832,0.166288292486092,,,,,
1577,0,0.0831347769632252,,,,,,
1578,0,0.0831131857289108,0.166247962692136,,,,,
1579,0,0.0831737576154719,,,,,,
1580,0,0.0832178772014755,0.166391634816947,,,,,
1581,0,0.0831918870083137,,,,,,
1582,0,0.0831659354654292,0.166357822473743,,,,,
1583,0,0.0831399421377634,,,,,,
1584,0,0.0831138996078431,0.166253841745606,,,,,
1585,0,0.0830878409464584,,,,,,
1586,0,0.0830618228132409,0.166149663759699,,,,,
1587,0,0.0830359099798767,,,,,,
1588,0,0.0830103093290062,0.166046219308883,,,,,
1589,0,0.0829843709329176,,,,,,
1590,0,0.082958423665197,0.165942794598115,,,,,
1591,0,0.0829325943464243,,,,,,
1592,0,0.0829066749808372,0.165839269327262,,,,,
1593,0,0.0828807606795703,,,,,,
1594,0,0.0829200561393448,0.165800816818915,,,,,
1595,0,0.082997938591216,,,,,,
1596,0,0.0829720770295235,0.16597001562074,,,,,
1597,0,0.0829462811898036,,,,,,
1598,0,0.0829206232710711,0.165866904460875,,,,,
1599,0,0.0828948243980948,,,,,,
1600,0,0.0828690217927041,0.165763846190799,,,,,
1601,0,0.082843313904585,,,,,,
1602,0,0.0828175575145896,0.165660871419175,,,,,
1603,0,0.0827918717080949,,,,,,
1604,0,0.0827661767790728,0.165558048487168,,,,,
1605,0,0.0827405875616647,,,,,,
1606,0,0.0827149550915592,0.165455542653224,,,,,
1607,0,0.082689326711634,,,,,,
1608,0,0.0826638488925857,0.16535317560422,,,,,
1609,0,0.0826384600046782,,,,,,
1610,0,0.0826130525041313,0.165251512508809,,,,,
1611,0,0.0825875399716149,,,,,,
1612,0,0.0825620392266529,0.165149579198268,,,,,
1613,0,0.08253667988501,,,,,,
1614,0,0.0825112622815634,0.165047942166573,,,,,
1615,0,0.0824858912267244,,,,,,
1616,0,0.0824605884655442,0.164946479692269,,,,,
1617,0,0.0824352806356673,,,,,,
1618,0,0.082410003826388,0.164845284462055,,,,,
1619,0,0.0823851242331043,,,,,,
1620,0,0.0823599974616661,0.16474512169477,,,,,
1621,0,0.082334823318031,,,,,,
1622,0,0.0823096586597435,0.164644481977774,,,,,
1623,0,0.0822845181980182,,,,,,
1624,0,0.0822594502074087,0.164543968405427,,,,,
1625,0,0.0822344079776433,,,,,,
1626,0,0.0822314425827635,0.164465850560407,,,,,
1627,0,0.0823685389574284,,,,,,
1628,0,0.0823546744766786,0.164723213434107,,,,,
1629,0,0.0823375311199962,,,,,,
1630,0,0.0823168708041805,0.164654401924177,,,,,
1631,0,0.0822921481184033,,,,,,
1632,0,0.0822671779381491,0.164559326056552,,,,,
1633,0,0.0822422403015035,,,,,,
1634,0,0.082217334875546,0.16445957517705,,,,,
1635,0,0.0821924779123497,,,,,,
1636,0,0.0821677695536609,0.164360247466011,,,,,
1637,0,0.0821429099864388,,,,,,
1638,0,0.0821180826475711,0.16426099263401,,,,,
1639,0,0.0820933904592559,,,,,,
1640,0,0.0820687194851775,0.164162109944433,,,,,
1641,0,0.0820439847122867,,,,,,
1642,0,0.0820193210612567,0.164063305773543,,,,,
1643,0,0.0819946794346408,,,,,,
1644,0,0.0819700342837107,0.163964713718352,,,,,
1645,0,0.0819453762237912,,,,,,
1646,0,0.0819207696677095,0.163866145891501,,,,,
1647,0,0.0818962468257709,,,,,,
1648,0,0.0818717941091471,0.163768040934918,,,,,
1649,0,0.0818473619429381,,,,,,
1650,0,0.0818229334314259,0.163670295374364,,,,,
1651,0,0.0817985523555257,,,,,,
1652,0,0.0817742141744328,0.163572766529958,,,,,
1653,0,0.0817498543881729,,,,,,
1654,0,0.0817255536588354,0.163475408047008,,,,,
1655,0,0.081701257781219,,,,,,
1656,0,0.0816769468963151,0.163378204677534,,,,,
1657,0,0.0816526662041923,,,,,,
1658,0,0.0816284978503126,0.163281164054505,,,,,
1659,0,0.0816042928248963,,,,,,
1660,0,0.0815801390377935,0.16318443186269,,,,,
1661,0,0.081556121452917,,,,,,
1662,0,0.0815319459921152,0.163088067445032,,,,,
1663,0,0.0815077753353692,,,,,,
1664,0,0.0814836669441007,0.16299144227947,,,,,
1665,0,0.0814595905308213,,,,,,
1666,0,0.0814354397522055,0.162895030283027,,,,,
1667,0,0.0814111728104085,,,,,,
1668,0,0.0813869771661431,0.162798149976552,,,,,
1669,0,0.0813628380304934,,,,,,
1670,0,0.0813389996073771,0.162701837637871,,,,,
1671,0,0.0813150112792894,,,,,,
1672,0,0.0812909066142192,0.162605917893509,,,,,
1673,0,0.0812668739109889,,,,,,
1674,0,0.081242856047897,0.162509729958886,,,,,
1675,0,0.0812187832184169,,,,,,
1676,0,0.0811946858523944,0.162413469070811,,,,,
1677,0,0.0811705776448493,,,,,,
1678,0,0.0811498427929322,0.162320420437782,,,,,
1679,0,0.0811436588436223,,,,,,
1680,0,0.0812061061087879,0.16234976495241,,,,,
1681,0,0.081256193287172,,,,,,
1682,0,0.0812321435710983,0.16248833685827,,,,,
1683,0,0.0812080861296459,,,,,,
1684,0,0.0811840951469869,0.162392181276633,,,,,
1685,0,0.0811606686843484,,,,,,
1686,0,0.0811390791260669,0.162299747810415,,,,,
1687,0,0.0811151432930335,,,,,,
1688,0,0.0810912187155556,0.162206362008589,,,,,
1689,0,0.0810672965448725,,,,,,
1690,0,0.0810433590893167,0.162110655634189,,,,,
1691,0,0.0810194572731926,,,,,,
1692,0,0.0809955816108545,0.162015038884047,,,,,
1693,0,0.0809717100218459,,,,,,
1694,0,0.0809478772035738,0.16191958722542,,,,,
1695,0,0.0809240614520397,,,,,,
1696,0,0.080900512380213,0.161824573832253,,,,,
1697,0,0.0808861737272632,,,,,,
1698,0,0.0810110864548749,0.161897260182138,,,,,
1699,0,0.0809874269916424,,,,,,
1700,0,0.0809637187505417,0.161951145742184,,,,,
1701,0,0.0809400555780982,,,,,,
1702,0,0.0809163868244904,0.161856442402589,,,,,
1703,0,0.0808927078446273,,,,,,
1704,0,0.0808690769264455,0.161761784771073,,,,,
1705,0,0.0808454516168425,,,,,,
1706,0,0.0808218868760946,0.161667338492937,,,,,
1707,0,0.0807983504959866,,,,,,
1708,0,0.0807747750191799,0.161573125515166,,,,,
1709,0,0.0807512607767858,,,,,,
1710,0,0.0807277407291986,0.161479001505984,,,,,
1711,0,0.0807043820638193,,,,,,
1712,0,0.0806813455733871,0.161385727637206,,,,,
1713,0,0.0807924737738441,,,,,,
1714,0,0.0808147503820484,0.161607224155892,,,,,
1715,0,0.0807914809306021,,,,,,
1716,0,0.0807682117415535,0.161559692672156,,,,,
1717,0,0.0807452773434853,,,,,,
1718,0,0.0807219195798993,0.161467196923385,,,,,
1719,0,0.0806985837444881,,,,,,
1720,0,0.0806752532682257,0.161373837012714,,,,,
1721,0,0.0806520482165962,,,,,,
1722,0,0.0806287983793547,0.161280846595951,,,,,
1723,0,0.0806056006537906,,,,,,
1724,0,0.0805824132174868,0.161188013871277,,,,,
1725,0,0.0805591991200624,,,,,,
1726,0,0.0805359951107453,0.161095194230808,,,,,
1727,0,0.0805128335119962,,,,,,
1728,0,0.0804897013222205,0.161002534834217,,,,,
1729,0,0.0804665115472884,,,,,,
1730,0,0.0804434116964379,0.160909923243726,,,,,
1731,0,0.0804203401141728,,,,,,
1732,0,0.080397203531449,0.160817543645622,,,,,
1733,0,0.0803741674763573,,,,,,
1734,0,0.0803511626051701,0.160725330081527,,,,,
1735,0,0.0803282056818087,,,,,,
1736,0,0.0803051618867074,0.160633367568516,,,,,
1737,0,0.0802821540386907,,,,,,
1738,0,0.0802592569096243,0.160541410948315,,,,,
1739,0,0.0802363064798197,,,,,,
1740,0,0.0803395547955296,0.160575861275349,,,,,
1741,0,0.0806400127552936,,,,,,
1742,0,0.0806959793602979,0.161335992115591,,,,,
1743,0,0.0808265769913541,,,,,,
1744,0,0.0808338052781321,0.161660382269486,,,,,
1745,0,0.0808198021611784,,,,,,
1746,0,0.0808033022426119,0.16162310440379,,,,,
1747,0,0.0807861833378894,,,,,,
1748,0,0.0807677266525385,0.161553909990428,,,,,
1749,0,0.0807576552322857,,,,,,
1750,0,0.0807429466291675,0.161500601861453,,,,,
1751,0,0.0807304367626746,,,,,,
1752,0,0.0807174209582377,0.161447857720912,,,,,
1753,0,0.0807022051728555,,,,,,
1754,0,0.0806880109097518,0.161390216082607,,,,,
1755,0,0.0806713127113251,,,,,,
1756,0,0.0806601176123686,0.161331430323694,,,,,
1757,0,0.0806411158089878,,,,,,
1758,0,0.0806638126277164,0.161304928436704,,,,,
1759,0,0.0806603999656423,,,,,,
1760,0,0.080751931293925,0.161412331259567,,,,,
1761,0,0.0807700370377327,,,,,,
1762,0,0.0807472211538697,0.161517258191602,,,,,
1763,0,0.0807245110493668,,,,,,
1764,6,0.0808512002291762,,,,,,
1765,15,0.0808914978852349,,0.161616008934602,,,,
1766,15,0.0809187725557439,,,0.161810270440979,,,
1767,15,0.0809253962918825,,,,,,
1768,15,0.0809095226275307,,,0.161834918919413,,,
1769,15,0.0808894094655473,,,,,,
1770,15,0.0808688131888436,,,0.161758222654391,,,
1771,15,0.0808582492701656,,,,,,
1772,6,0.0808776485680538,,,,,,
1773,0,0.0808761226528324,,,,0.161734371922998,,
1774,0,0.0809258646917251,0.161801987344558,,,,,
1775,0,0.0809526383256115,,,,,,
1776,0,0.0809313342621143,0.161883972587726,,,,,
1777,14,0.0809274753880513,,,,,,
1778,15,0.0810568199664997,,0.161988154228614,,,,
1779,15,0.0810622750848617,,,0.162119095051361,,,
1780,15,0.0811265763570444,,,,,,
1781,15,0.0812011369948548,,,0.162327713351899,,,
1782,15,0.0811808438510649,,,,,,
1783,15,0.0811616194810132,,,0.162342463332078,,,
1784,15,0.0811420783810264,,,,,,
1785,15,0.0811228843194619,,,0.162264962700488,,,
1786,15,0.0811029148606485,,,,,,
1787,15,0.0810835940868282,,,0.162186508947477,,,
1788,15,0.0810642563389181,,,,,,
1789,15,0.0810451524836468,,,0.162109408822565,,,
1790,13,0.0810659355250176,,,,,,
1791,0,0.0811869341308984,,,,0.162232086614545,,
1792,0,0.0812283535830904,0.162415287713989,,,,,
1793,0,0.0812932429005282,,,,,,
1794,0,0.0813019701915207,0.162595213092049,,,,,
1795,0,0.0815092917848171,,,,,,
1796,0,0.0816145822926868,0.163123874077504,,,,,
1797,0,0.0816734974766225,,,,,,
1798,0,0.081760265972884,0.163433763449507,,,,,
1799,0,0.0817376630383646,,,,,,
1800,0,0.0817150503367958,0.16345271337516,,,,,
1801,0,0.0816924487906644,,,,,,
1802,0,0.0816698529709878,0.163362301761652,,,,,
1803,0,0.0816472813703411,,,,,,
1804,0,0.0816247398062558,0.163272021176597,,,,,
1805,0,0.0816023143894103,,,,,,
1806,0,0.0816201718178404,0.163222486207251,,,,,
1807,0,0.0817282760455881,,,,,,
1808,0,0.0817075846773231,0.163435860722911,,,,,
1809,0,0.0816858738212848,,,,,,
1810,0,0.0816637890532982,0.163349662874583,,,,,
1811,0,0.0816417251073965,,,,,,
1812,0,0.0816196750554943,0.163261400162891,,,,,
1813,0,0.081597670507114,,,,,,
1814,0,0.0815756517307346,0.163173322237849,,,,,
1815,0,0.0815536694649482,,,,,,
1816,0,0.0815317348213983,0.163085404286346,,,,,
1817,0,0.0815098543235091,,,,,,
1818,0,0.0814879774315308,0.16299783175504,,,,,
1819,0,0.0814660726691357,,,,,,
1820,0,0.0814442430105883,0.162910315679724,,,,,
1821,0,0.081422424717618,,,,,,
1822,0,0.0814006093123925,0.16282303403001,,,,,
1823,0,0.0813787686500111,,,,,,
1824,0,0.0813569556988497,0.162735724348861,,,,,
1825,0,0.0813352911122854,,,,,,
1826,0,0.0813135855380265,0.162648876650312,,,,,
1827,0,0.0812919188663207,,,,,,
1828,0,0.0812702521561207,0.162562171022441,,,,,
1829,0,0.0812485591880003,,,,,,
1830,0,0.0812270601911618,0.162475619379162,,,,,
1831,0,0.0812054682519342,,,,,,
1832,0,0.0811839163682775,0.162389384620212,,,,,
1833,0,0.0811624536836277,,,,,,
1834,0,0.0811409584611424,0.16230341214477,,,,,
1835,0,0.0811194426191815,,,,,,
1836,0,0.0810979712188074,0.162217413837989,,,,,
1837,0,0.0810766281082879,,,,,,
1838,0,0.0810551886231469,0.162131816731435,,,,,
1839,0,0.0810338498942131,,,,,,
1840,0,0.0810124293209937,0.162046279215207,,,,,
1841,0,0.0809910501297474,,,,,,
1842,0,0.0809696178908288,0.161960668020576,,,,,
1843,0,0.0809480981818719,,,,,,
1844,0,0.0809267032935329,0.161874801475405,,,,,
1845,0,0.0809057038656073,,,,,,
1846,0,0.0808849539335586,0.161790657799166,,,,,
1847,0,0.0808634925881668,,,,,,
1848,0,0.0808579642292207,0.161721456817388,,,,,
1849,7,0.080911839912351,,,,,,
1850,15,0.081016333188866,,0.161874297418087,,,,
1851,15,0.0810854435496387,,,0.162101776738505,,,
1852,15,0.0812121403249355,,,,,,
1853,15,0.0811956189058424,,,0.162407759230778,,,
1854,15,0.0811762660040089,,,,,,
1855,15,0.0811584860925541,,,0.162334752096563,,,
1856,15,0.0811413575592212,,,,,,
1857,15,0.0811249994673086,,,0.16226635702653,,,
1858,15,0.0811075884784341,,,,,,
1859,15,0.0812429699518828,,,0.162350558430317,,,
1860,15,0.0812629594862801,,,,,,
1861,15,0.0812454056744936,,,0.162508365160774,,,
1862,15,0.0812293111101696,,,,,,
1863,15,0.0812128199978491,,,0.162442131108019,,,
1864,15,0.0812385262852663,,,,,,
1865,2,0.0813145589062524,,,,,,
1866,0,0.0813578615631436,,,,0.16259638784841,,
1867,0,0.0813808674011884,0.162738728964332,,,,,
1868,0,0.081416954553654,,,,,,
1869,0,0.0813956383916002,0.162812592945254,,,,,
1870,14,0.0815314088159225,,,,,,
1871,15,0.0815975829319593,,0.162993221323559,,,,
1872,15,0.0816151833638652,,,0.163212766295824,,,
1873,15,0.0817144262956014,,,,,,
1874,15,0.0816967504241961,,,0.163411176719798,,,
1875,15,0.0816788414130369,,,,,,
1876,15,0.0816604955983374,,,0.163339337011374,,,
1877,15,0.0816433557538829,,,,,,
1878,15,0.0816259902191087,,,0.163269345972992,,,
1879,15,0.0816087334162009,,,,,,
1880,15,0.081590578932665,,,0.163199312348866,,,
1881,15,0.0815732688675704,,,,,,
1882,15,0.0815562625918163,,,0.163129531459387,,,
1883,9,0.081563803065345,,,,,,
1884,0,0.081642618213443,,,,0.163198880805259,,
1885,0,0.081663374788242,0.163305993001685,,,,,
1886,0,0.0817839877814534,,,,,,
1887,0,0.0817672670562913,0.163551254837745,,,,,
1888,0,0.0817465586645326,,,,,,
1889,0,0.081849356440812,0.163595915105345,,,,,
1890,0,0.0818862138703343,,,,,,
1891,0,0.0818646481983995,0.163750862068734,,,,,
1892,0,0.0818430986855166,,,,,,
1893,0,0.0818215966020578,0.163664695287574,,,,,
1894,0,0.0818002899948613,,,,,,
1895,0,0.0817882294111512,0.163588519406012,,,,,
1896,0,0.0819080324197521,,,,,,
1897,0,0.0818928184929445,0.163800850912697,,,,,
1898,0,0.0818715536270347,,,,,,
1899,0,0.0818502640043435,0.163721817631378,,,,,
1900,0,0.0818289194524842,,,,,,
1901,0,0.081807669850716,0.1636365893032,,,,,
1902,0,0.0817865783219462,,,,,,
1903,0,0.0817654390609074,0.163552017382854,,,,,
1904,0,0.0817443215222108,,,,,,
1905,0,0.0817231959465989,0.16346751746881,,,,,
1906,0,0.0817021271250003,,,,,,
1907,0,0.0816810459358056,0.163383173060806,,,,,
1908,0,0.0816600186885261,,,,,,
1909,0,0.0816389938061043,0.16329901249463,,,,,
1910,0,0.0816182608474334,,,,,,
1911,0,0.0815973107580435,0.163215571605477,,,,,
1912,0,0.0815764191560298,,,,,,
1913,0,0.0815556397731486,0.163132058929178,,,,,
1914,0,0.0815348585773883,,,,,,
1915,0,0.081514119115612,0.163048977693,,,,,
1916,0,0.0814933743201338,,,,,,
1917,0,0.0814725859313163,0.16296596025145,,,,,
1918,0,0.0814517988042385,,,,,,
1919,0,0.0814311129876861,0.162882911791925,,,,,
1920,0,0.0814104742661101,,,,,,
1921,0,0.081389815943539,0.162800290209649,,,,,
1922,0,0.0813692575257233,,,,,,
1923,0,0.0813487932787178,0.162718050804441,,,,,
1924,0,0.0813282154293027,,,,,,
1925,0,0.0813078283739361,0.162636043803239,,,,,
1926,0,0.0812873268298297,,,,,,
1927,0,0.0812667785985136,0.162554105428343,,,,,
1928,0,0.0812463045955997,,,,,,
1929,0,0.0812259432823757,0.162472247877975,,,,,
1930,0,0.0812055203866987,,,,,,
1931,0,0.0811851283231657,0.162390648709864,,,,,
1932,0,0.0811647440334593,,,,,,
1933,0,0.081144468600806,0.162309212634265,,,,,
1934,0,0.081124136531212,,,,,,
1935,0,0.0811037241809956,0.162227860712208,,,,,
1936,0,0.081083098415677,,,,,,
1937,0,0.0810625082092946,0.162145606624972,,,,,
1938,0,0.0810419136033727,,,,,,
1939,0,0.0810211232317596,0.162063036835132,,,,,
1940,0,0.0810003371892925,,,,,,
1941,0,0.0809795724713396,0.161979909660632,,,,,
1942,3,0.0809603183758553,,,,,,
1943,15,0.081043955769403,,0.162023528240743,,,,
1944,15,0.0811123827644566,,,0.16215633853386,,,
1945,15,0.0811846157822479,,,,,,
1946,15,0.0811698503934408,,,0.162354466175689,,,
1947,15,0.081154441087816,,,,,,
1948,15,0.081136382202885,,,0.162290823290701,,,
1949,15,0.0811190543583796,,,,,,
1950,15,0.0811016519872687,,,0.162220706345648,,,
1951,15,0.0810855914090805,,,,,,
1952,15,0.0810681568290618,,,0.162153748238142,,,
1953,15,0.0810515052099016,,,,,,
1954,15,0.08167869799397,,,0.162730203203872,,,
1955,15,0.082789892864013,,,,,,
1956,15,0.0827819221002001,,,0.165571814964213,,,
1957,15,0.0827678009394298,,,,,,
1958,1,0.0827610704322437,,,,,,
1959,0,0.0828383402135564,,,,,,
1960,0,0.0828924783191677,,,,,,
1961,0,0.0829389971374532,,,,,,
1962,0,0.0829186999263196,,,,,,
1963,15,0.0830219419767877,,,,,,
1964,15,0.0831320697504512,,,0.166154011727239,,,
1965,15,0.0831458729465097,,,,,,
1966,15,0.0831624152406992,,,0.166308288187209,,,
1967,15,0.0832553309027755,,,,,,
1968,15,0.0832364699358642,,,0.16649180083864,,,
1969,15,0.0832176108302208,,,,,,
1970,15,0.0831987621955687,,,0.166416373025789,,,
1971,15,0.0831802775761714,,,,,,
1972,15,0.0831617488962508,,,0.166342026472422,,,
1973,15,0.0831439903360491,,,,,,
1974,15,0.0831273918942807,,,0.16627138223033,,,
1975,15,0.0831095389845419,,,,,,
1976,15,0.0830963448772186,,,0.166205883861761,,,
1977,1,0.0832340771564022,,,,,,
1978,0,0.0832936472126984,,,,0.166389992089917,,
1979,0,0.0833501132349807,0.166643760447679,,,,,
1980,0,0.0833592488591386,,,,,,
1981,0,0.0833382896993441,0.166697538558483,,,,,
1982,0,0.0833173793516719,,,,,,
1983,0,0.0832965149539594,0.166613894305631,,,,,
1984,0,0.0832759295793326,,,,,,
1985,0,0.0832554904969036,0.166531420076236,,,,,
1986,0,0.0832350115258668,,,,,,
1987,0,0.0832147643913401,0.166449775917207,,,,,
1988,0,0.0831946717476763,,,,,,
1989,0,0.0831744772097001,0.166369148957376,,,,,
1990,0,0.0831540149457641,,,,,,
1991,0,0.0831336565574538,0.166287671503218,,,,,
1992,0,0.0831133073687165,,,,,,
1993,0,0.0830929783195682,0.166206285688285,,,,,
1994,0,0.0830728865138769,,,,,,
1995,0,0.0830529300029497,0.166125816516827,,,,,
1996,0,0.0830329731503655,,,,,,
1997,0,0.083066824253822,0.166099797404188,,,,,
1998,0,0.0831332841075109,,,,,,
1999,0,0.0831185293078054,0.166251813415316,,,,,
2000,0,0.0831022131779807,,,,,,
2001,0,0.0830837987811177,0.166186011959098,,,,,
2002,0,0.083069142597115,,,,,,
2003,0,0.0830540391437809,0.166123181740896,,,,,
2004,0,0.0830357568627905,,,,,,
2005,0,0.083019921276066,0.166055678138857,,,,,
2006,0,0.0830024077881138,,,,,,
2007,0,0.0829828201307279,0.165985227918842,,,,,
2008,0,0.0829631632511976,,,,,,
2009,0,0.0829436041738129,0.165906767425011,,,,,
2010,0,0.0829241258142286,,,,,,
2011,0,0.0829045833781294,0.165828709192358,,,,,
2012,0,0.0828850754388041,,,,,,
2013,0,0.0828656208570535,0.165750696295858,,,,,
2014,0,0.0828461753305702,,,,,,
2015,0,0.0828267587252502,0.16567293405582,,,,,
2016,0,0.0828073398740776,,,,,,
2017,0,0.0827879201635088,0.165595260037586,,,,,
2018,0,0.0827686398400793,,,,,,
2019,0,0.0827492242371259,0.165517864077205,,,,,
2020,0,0.0827299329349203,,,,,,
2021,0,0.0827136642195712,0.165443597154492,,,,,
